method,iteration,loss,time,grad_evals
Gradient Descent,0,0.5000000000000001,0.00014354201266542077,
Gradient Descent,2,0.3172316434025845,0.0002585420152172446,
Gradient Descent,4,0.30237226390915733,0.0003386250464245677,
Gradient Descent,6,0.29234654429492846,0.0004272090154699981,
Gradient Descent,8,0.2849767351405563,0.0004999590455554426,
Gradient Descent,10,0.2792538897776037,0.0005708340322598815,
Gradient Descent,12,0.27464111166766203,0.0006430420326068997,
Gradient Descent,14,0.2708252589883483,0.0007138340151868761,
Gradient Descent,16,0.26760805711135505,0.0007843750063329935,
Gradient Descent,18,0.26485519449348927,0.0008550840429961681,
Gradient Descent,20,0.2624708839080053,0.0009252500021830201,
Gradient Descent,22,0.26038418660515045,0.0009945420315489173,
Gradient Descent,24,0.2585410973457193,0.0010633750353008509,
Gradient Descent,26,0.25689964520697334,0.00113220902858302,
Gradient Descent,28,0.25542668627323206,0.0012018750421702862,
Gradient Descent,30,0.25409570903934947,0.0012704170076176524,
Gradient Descent,32,0.25288528057079623,0.001340709044598043,
Gradient Descent,34,0.2517779166195681,0.0014109170297160745,
Gradient Descent,36,0.2507592422912055,0.001479750033468008,
Gradient Descent,38,0.24981735746300623,0.0015490420046262443,
Gradient Descent,40,0.2489423498039956,0.0016178340301848948,
Gradient Descent,42,0.2481259162550202,0.0016865840298123658,
Gradient Descent,44,0.24736106554108728,0.0017573750228621066,
Gradient Descent,46,0.24664188211726087,0.0018280420335941017,
Gradient Descent,48,0.24596333729926123,0.0018972500110976398,
Gradient Descent,50,0.24532113705528588,0.001966667012311518,
Gradient Descent,52,0.24471159857405725,0.0020358340116217732,
Gradient Descent,54,0.24413154962243425,0.002105250023305416,
Gradient Descent,56,0.2435782460922177,0.002174167020712048,
Gradient Descent,58,0.2430493041625655,0.0022438750020228326,
Gradient Descent,60,0.24254264427517405,0.00231241702567786,
Gradient Descent,62,0.2420564447051794,0.0023822500370442867,
Gradient Descent,64,0.24158910296109387,0.0024529590154998004,
Gradient Descent,66,0.24113920359693783,0.0025224999990314245,
Gradient Descent,68,0.2407054912940184,0.0025920000043697655,
Gradient Descent,70,0.24028684828660804,0.0026602920261211693,
Gradient Descent,72,0.23988227537836707,0.0027308340067975223,
Gradient Descent,74,0.23949087593458415,0.002801291993819177,
Gradient Descent,76,0.23911184234660962,0.002871292002964765,
Gradient Descent,78,0.23874444455487448,0.002940625010523945,
Gradient Descent,80,0.23838802028997572,0.0030121669988147914,
Gradient Descent,82,0.23804196675085226,0.0030824170098640025,
Gradient Descent,84,0.23770573348771804,0.0031514590373262763,
Gradient Descent,86,0.2373788162972625,0.0032203750452026725,
Gradient Descent,88,0.23706075197033616,0.003290834021754563,
Gradient Descent,90,0.2367511137592397,0.003359584021382034,
Gradient Descent,92,0.23644950745390667,0.0034282089909538627,
Gradient Descent,94,0.23615556797456824,0.0034974589943885803,
Gradient Descent,96,0.23586895640362116,0.003566125000361353,
Gradient Descent,98,0.23558935739194756,0.003636250039562583,
Gradient Descent,100,0.2353164768853327,0.0037053340347483754,
Gradient Descent,102,0.23505004012525196,0.00377429201034829,
Gradient Descent,104,0.23478978988548668,0.003843542013783008,
Gradient Descent,106,0.23453548491200787,0.003911792009603232,
Gradient Descent,108,0.234286898538562,0.003980667039286345,
Gradient Descent,110,0.23404381745456854,0.004050999996252358,
Gradient Descent,112,0.23380604060543178,0.004119542019907385,
Gradient Descent,114,0.23357337820830404,0.004188625025562942,
Gradient Descent,116,0.23334565086879921,0.004258083994500339,
Gradient Descent,118,0.23312268878623232,0.004328125040046871,
Gradient Descent,120,0.23290433103670743,0.0043982090428471565,
Gradient Descent,122,0.23269042492485914,0.004470709012821317,
Gradient Descent,124,0.23248082539630405,0.004539625020697713,
Gradient Descent,126,0.23227539450392204,0.004610917007084936,
Gradient Descent,128,0.23207400092199446,0.004681667021941394,
Gradient Descent,130,0.23187651950299643,0.004752959008328617,
Gradient Descent,132,0.2316828308725015,0.004825167008675635,
Gradient Descent,134,0.2314928210582222,0.004894959041848779,
Gradient Descent,136,0.23130638114969637,0.00527675001649186,
Gradient Descent,138,0.23112340698554698,0.005377084016799927,
Gradient Descent,140,0.23094379886560515,0.005450875032693148,
Gradient Descent,142,0.23076746128549877,0.005523334024474025,
Gradient Descent,144,0.23059430269158018,0.005595666996669024,
Gradient Descent,146,0.23042423525430394,0.0056686250027269125,
Gradient Descent,148,0.23025717465836934,0.005739875021390617,
Gradient Descent,150,0.23009303990812607,0.005809916998259723,
Gradient Descent,152,0.22993175314689573,0.005883084028027952,
Gradient Descent,154,0.22977323948900394,0.0059531250153668225,
Gradient Descent,156,0.22961742686343886,0.006022999994456768,
Gradient Descent,158,0.2294642458681587,0.006094584008678794,
Gradient Descent,160,0.22931362963416976,0.006165334023535252,
Gradient Descent,162,0.22916551369857857,0.006234959000721574,
Gradient Descent,164,0.22901983588589842,0.00630462501430884,
Gradient Descent,166,0.2288765361969577,0.006375917000696063,
Gradient Descent,168,0.22873555670481766,0.006448417028877884,
Gradient Descent,170,0.2285968414571605,0.006517959001939744,
Gradient Descent,172,0.22846033638465785,0.006587459007278085,
Gradient Descent,174,0.22832598921487154,0.0066574590164236724,
Gradient Descent,176,0.2281937493912787,0.006727416999638081,
Gradient Descent,178,0.22806356799704772,0.006796583998948336,
Gradient Descent,180,0.2279353976832238,0.006865750008728355,
Gradient Descent,182,0.22780919260100999,0.006933583994396031,
Gradient Descent,184,0.22768490833785776,0.007003667007666081,
Gradient Descent,186,0.2275625018571023,0.007072750013321638,
Gradient Descent,188,0.2274419314409012,0.007141792040783912,
Gradient Descent,190,0.2273231566362517,0.007211791991721839,
Gradient Descent,192,0.22720613820388338,0.00728070898912847,
Gradient Descent,194,0.22709083806983493,0.007350417028646916,
Gradient Descent,196,0.22697721927954065,0.007419875008054078,
Gradient Descent,198,0.2268652459542662,0.007489375013392419,
Gradient Descent,200,0.22675488324974286,0.007558584038633853,
Gradient Descent,202,0.22664609731686308,0.007627875020261854,
Gradient Descent,204,0.22653885526430986,0.007696959015447646,
Gradient Descent,206,0.22643312512300007,0.0077687500161118805,
Gradient Descent,208,0.22632887581223288,0.00783908402081579,
Gradient Descent,210,0.22622607710744114,0.00790837500244379,
Gradient Descent,212,0.22612469960945086,0.007977708999533206,
Gradient Descent,214,0.22602471471515997,0.00804658402921632,
Gradient Descent,216,0.2259260945895555,0.00811737502226606,
Gradient Descent,218,0.22582881213899197,0.008187416999135166,
Gradient Descent,220,0.22573284098566024,0.008256542030721903,
Gradient Descent,222,0.2256381554431804,0.008325917006004602,
Gradient Descent,224,0.22554473049325663,0.008394959033466876,
Gradient Descent,226,0.2254525417633365,0.008466291998047382,
Gradient Descent,228,0.22536156550522027,0.008536875015124679,
Gradient Descent,230,0.22527177857456993,0.008606167044490576,
Gradient Descent,232,0.22518315841127082,0.008678084006533027,
Gradient Descent,234,0.2250956830206011,0.008747834013774991,
Gradient Descent,236,0.22500933095516776,0.008816959045361727,
Gradient Descent,238,0.22492408129757044,0.00888787501025945,
Gradient Descent,240,0.22483991364375613,0.008960167004261166,
Gradient Descent,242,0.2247568080870307,0.009030209039337933,
Gradient Descent,244,0.2246747452026947,0.009099374990910292,
Gradient Descent,246,0.22459370603327383,0.00916862499434501,
Gradient Descent,248,0.2245136720743145,0.00923833402339369,
Gradient Descent,250,0.2244346252607183,0.009308042004704475,
Gradient Descent,252,0.2243565479535899,0.00937720900401473,
Gradient Descent,254,0.22427942292757452,0.00944658403750509,
Gradient Descent,256,0.22420323335866219,0.00951816700398922,
Gradient Descent,258,0.2241279628124381,0.009594875038601458,
Gradient Descent,260,0.22405359523275822,0.009663875040132552,
Gradient Descent,262,0.2239801149308317,0.009733000013511628,
Gradient Descent,264,0.2239075065746923,0.009802750020753592,
Gradient Descent,266,0.22383575517904078,0.009871167014352977,
Gradient Descent,268,0.2237648460954436,0.009940334013663232,
Gradient Descent,270,0.2236947650028718,0.010009291989263147,
Gradient Descent,272,0.22362549789856548,0.010078417020849884,
Gradient Descent,274,0.223557031089211,0.010147291992325336,
Gradient Descent,276,0.22348935118241692,0.010217542003374547,
Gradient Descent,278,0.22342244507847703,0.010286292003002018,
Gradient Descent,280,0.22335629996240844,0.010355459002312273,
Gradient Descent,282,0.2232909032962537,0.01042454200796783,
Gradient Descent,284,0.22322624281163633,0.010491500026546419,
Gradient Descent,286,0.22316230650255922,0.010562125011347234,
Gradient Descent,288,0.22309908261843706,0.01063125004293397,
Gradient Descent,290,0.22303655965735353,0.010699917038436979,
Gradient Descent,292,0.22297472635953355,0.010768792009912431,
Gradient Descent,294,0.22291357170102352,0.01083800004562363,
Gradient Descent,296,0.2228530848875712,0.010910834011156112,
Gradient Descent,298,0.2227932553486972,0.010979542043060064,
Gradient Descent,300,0.2227340727319515,0.011048500018659979,
Gradient Descent,302,0.22267552689734774,0.01111741701606661,
Gradient Descent,304,0.22261760791196902,0.011187084019184113,
Gradient Descent,306,0.22256030604473837,0.011256208992563188,
Gradient Descent,308,0.2225036117613481,0.011325584026053548,
Gradient Descent,310,0.2224475157193435,0.011394584027584642,
Gradient Descent,312,0.2223920087633522,0.011462374997790903,
Gradient Descent,314,0.222337081920458,0.01153016701573506,
Gradient Descent,316,0.22228272639571087,0.011598542041610926,
Gradient Descent,318,0.22222893356776985,0.011668750026728958,
Gradient Descent,320,0.22217569498467385,0.011738000030163676,
Gradient Descent,322,0.2221230023597361,0.011806875001639128,
Gradient Descent,324,0.22207084756755716,0.011876000033225864,
Gradient Descent,326,0.22201922264015397,0.011944875004701316,
Gradient Descent,328,0.22196811976319908,0.012013834028039128,
Gradient Descent,330,0.22191753127236846,0.012082750035915524,
Gradient Descent,332,0.22186744964979174,0.012151584029197693,
Gradient Descent,334,0.22181786752060398,0.012221125012729317,
Gradient Descent,336,0.22176877764959377,0.012290417042095214,
Gradient Descent,338,0.2217201729379452,0.012360666994936764,
Gradient Descent,340,0.22167204642007082,0.01242908404674381,
Gradient Descent,342,0.22162439126053185,0.01249933399958536,
Gradient Descent,344,0.22157720075104387,0.01257470902055502,
Gradient Descent,346,0.22153046830756373,0.012642125017009676,
Gradient Descent,348,0.22148418746745732,0.012710292008705437,
Gradient Descent,350,0.221438351886743,0.012781249999534339,
Gradient Descent,352,0.22139295533740985,0.012850500002969056,
Gradient Descent,354,0.22134799170480893,0.012919292028527707,
Gradient Descent,356,0.2213034549851132,0.012988667003810406,
Gradient Descent,358,0.22125933928284597,0.013057625037617981,
Gradient Descent,360,0.22121563880847434,0.013126667006872594,
Gradient Descent,362,0.22117234787606702,0.013196042040362954,
Gradient Descent,364,0.22112946090101265,0.013265542045701295,
Gradient Descent,366,0.22108697239779876,0.013335917028598487,
Gradient Descent,368,0.22104487697784828,0.01340570900356397,
Gradient Descent,370,0.2210031693474118,0.013476334046572447,
Gradient Descent,372,0.220961844305515,0.013545709021855146,
Gradient Descent,374,0.22092089674195828,0.013615125033538789,
Gradient Descent,376,0.22088032163536767,0.013685584010090679,
Gradient Descent,378,0.22084011405129575,0.013755334017332643,
Gradient Descent,380,0.22080026914037063,0.013826209004037082,
Gradient Descent,382,0.22076078213649117,0.013896999997086823,
Gradient Descent,384,0.220721648355069,0.013969084015116096,
Gradient Descent,386,0.22068286319131258,0.014039292000234127,
Gradient Descent,388,0.22064442211855617,0.014156625024043024,
Gradient Descent,390,0.2206063206866288,0.014260041993111372,
Gradient Descent,392,0.2205685545202646,0.014330917038023472,
Gradient Descent,394,0.22053111931755146,0.01440312503837049,
Gradient Descent,396,0.22049401084841852,0.014477833989076316,
Gradient Descent,398,0.2204572249531603,0.014551542000845075,
Gradient Descent,400,0.2204207575409967,0.01462070900015533,
Gradient Descent,402,0.2203846045886681,0.014697917038574815,
Gradient Descent,404,0.2203487621390645,0.0147663340321742,
Gradient Descent,406,0.22031322629988717,0.01483400003053248,
Gradient Descent,408,0.22027799324234296,0.014904542011208832,
Gradient Descent,410,0.22024305919986933,0.014972125005442649,
Gradient Descent,412,0.22020842046689007,0.015041250037029386,
Gradient Descent,414,0.2201740733976003,0.015110042004380375,
Gradient Descent,416,0.22014001440477993,0.01517920900369063,
Gradient Descent,418,0.22010623995863549,0.015249834046699107,
Gradient Descent,420,0.22007274658566872,0.015319125028327107,
Gradient Descent,422,0.22003953086757186,0.015388542029540986,
Gradient Descent,424,0.22000658944014803,0.015457875037100166,
Gradient Descent,426,0.2199739189922575,0.015526625036727637,
Gradient Descent,428,0.21994151626478736,0.01559570903191343,
Gradient Descent,430,0.21990937804964564,0.01566429203376174,
Gradient Descent,432,0.2198775011887777,0.01573525002459064,
Gradient Descent,434,0.219845882573206,0.01580329204443842,
Gradient Descent,436,0.21981451914209066,0.01587208401178941,
Gradient Descent,438,0.21978340788181214,0.015942458994686604,
Gradient Descent,440,0.21975254582507397,0.01601229200605303,
Gradient Descent,442,0.2197219300500264,0.01608375000068918,
Gradient Descent,444,0.21969155767940884,0.01615404203766957,
Gradient Descent,446,0.2196614258797121,0.01622595899971202,
Gradient Descent,448,0.2196315318603589,0.01629516703542322,
Gradient Descent,450,0.21960187287290264,0.016363500035367906,
Gradient Descent,452,0.21957244621024402,0.016432459000498056,
Gradient Descent,454,0.21954324920586468,0.01650133403018117,
Gradient Descent,456,0.2195142792330778,0.01657095900736749,
Gradient Descent,458,0.21948553370429483,0.016638375003822148,
Gradient Descent,460,0.21945701007030866,0.01670725003350526,
Gradient Descent,462,0.21942870581959187,0.016776000033132732,
Gradient Descent,464,0.2194006184776103,0.016847334045451134,
Gradient Descent,466,0.21937274560615172,0.01692004199139774,
Gradient Descent,468,0.21934508480266843,0.01698883401695639,
Gradient Descent,470,0.21931763369963445,0.01705754199065268,
Gradient Descent,472,0.21929038996391562,0.017127208993770182,
Gradient Descent,474,0.21926335129615443,0.01719687500735745,
Gradient Descent,476,0.21923651543016637,0.01726575003704056,
Gradient Descent,478,0.21920988013235018,0.017335542012006044,
Gradient Descent,480,0.21918344320110977,0.01740466704359278,
Gradient Descent,482,0.2191572024662889,0.017473584040999413,
Gradient Descent,484,0.21913115578861722,0.017542875022627413,
Gradient Descent,486,0.21910530105916798,0.01761233399156481,
Gradient Descent,488,0.21907963619882712,0.017681209021247923,
Gradient Descent,490,0.2190541591577732,0.01775041699875146,
Gradient Descent,492,0.21902886791496828,0.017818833992350847,
Gradient Descent,494,0.21900376047765882,0.017888000002130866,
Gradient Descent,496,0.21897883488088754,0.01795558404410258,
Gradient Descent,498,0.2189540891870147,0.01802445901557803,
Gradient Descent,500,0.21892952148524902,0.01809349999530241,
Nesterov,0,0.5000000000000001,2.3250002413988113e-05,
Nesterov,2,0.31490131913025143,0.00011770805576816201,
Nesterov,4,0.29443892365010793,0.00019316701218485832,
Nesterov,6,0.2788126623998611,0.00026775000151246786,
Nesterov,8,0.2672719793735196,0.00034445803612470627,
Nesterov,10,0.25877324635458143,0.0004194170469418168,
Nesterov,12,0.2525763081026967,0.0004933750024065375,
Nesterov,14,0.24798600808680266,0.0005671250401064754,
Nesterov,16,0.24440616973035934,0.0006411670474335551,
Nesterov,18,0.24141984964585497,0.0007152080070227385,
Nesterov,20,0.23877526832813992,0.0007884170045144856,
Nesterov,22,0.23635701786495253,0.000862250046338886,
Nesterov,24,0.23414384713595443,0.0009357500239275396,
Nesterov,26,0.23214757252457105,0.0010096670011989772,
Nesterov,28,0.23036726839696384,0.0010830420069396496,
Nesterov,30,0.22877963932460982,0.0011567080509848893,
Nesterov,32,0.2273532353872341,0.0012307920260354877,
Nesterov,34,0.22606400481627734,0.0013045420055277646,
Nesterov,36,0.22490001211796418,0.0013913330039940774,
Nesterov,38,0.22385653062159339,0.0014694170095026493,
Nesterov,40,0.22292871898405406,0.0015432080253958702,
Nesterov,42,0.22210741997189282,0.00161650002701208,
Nesterov,44,0.2213793097054665,0.0016901250346563756,
Nesterov,46,0.22072967722257378,0.0017640000442042947,
Nesterov,48,0.22014541204279608,0.001839167030993849,
Nesterov,50,0.2196165842873449,0.0019127080449834466,
Nesterov,52,0.21913632447077724,0.00198695802828297,
Nesterov,54,0.2186997140714378,0.002060583035927266,
Nesterov,56,0.21830264637671812,0.0021357080549933016,
Nesterov,58,0.21794122219649834,0.0022113750455901027,
Nesterov,60,0.21761167951904561,0.002284458023495972,
Nesterov,62,0.21731054149887072,0.0023582500289194286,
Nesterov,64,0.2170347024504812,0.002433875051792711,
Nesterov,66,0.21678138091656113,0.0025073750293813646,
Nesterov,68,0.21654802991305427,0.0025807080091908574,
Nesterov,70,0.2163323108638034,0.0026545830187387764,
Nesterov,72,0.21613215449172565,0.0027275420143269002,
Nesterov,74,0.21594584805035774,0.0028013750561513007,
Nesterov,76,0.21577206848587302,0.002874958037864417,
Nesterov,78,0.21560982392599828,0.0029485830455087125,
Nesterov,80,0.215458326679017,0.00302250002278015,
Nesterov,82,0.215316855543557,0.003096667001955211,
Nesterov,84,0.2151846590697673,0.0031709580216556787,
Nesterov,86,0.21506091972089045,0.00324662501225248,
Nesterov,88,0.21494476745853608,0.003322750038933009,
Nesterov,90,0.21483531679407433,0.0033995420089922845,
Nesterov,92,0.21473170444558434,0.003473083022981882,
Nesterov,94,0.2146331158741436,0.0035470420261844993,
Nesterov,96,0.2145387985586691,0.003621417039539665,
Nesterov,98,0.21444806432106356,0.0036953750532120466,
Nesterov,100,0.21436028415645064,0.0037682500551454723,
Nesterov,102,0.2142748798147336,0.0038440830539911985,
Nesterov,104,0.21419131755156326,0.0039182500331662595,
Nesterov,106,0.21410910947189984,0.003992167010437697,
Nesterov,108,0.2140278252074224,0.004065292014274746,
Nesterov,110,0.21394711182849296,0.004139250027947128,
Nesterov,112,0.213866715402714,0.004212250001728535,
Nesterov,114,0.21378649611334838,0.004286167037207633,
Nesterov,116,0.21370643118236607,0.004361875005997717,
Nesterov,118,0.21362660454919655,0.004437791998498142,
Nesterov,120,0.21354718669954706,0.004510708036832511,
Nesterov,122,0.21346841012597986,0.004584292008075863,
Nesterov,124,0.2133905451942316,0.004657917015720159,
Nesterov,126,0.21331387880995267,0.004731042019557208,
Nesterov,128,0.2132386959319392,0.004805083037354052,
Nesterov,130,0.21316526286042478,0.004879125044681132,
Nesterov,132,0.2130938115270568,0.0049570000264793634,
Nesterov,134,0.2130245250960504,0.005038708040956408,
Nesterov,136,0.21295752619880123,0.005111750040668994,
Nesterov,138,0.21289286950602074,0.005185500020161271,
Nesterov,140,0.2128305399993675,0.005259042023681104,
Nesterov,142,0.21277045747458206,0.005333000037353486,
Nesterov,144,0.21271248681297614,0.005408542056102306,
Nesterov,146,0.21265645265064895,0.005484708002768457,
Nesterov,148,0.21260215641533223,0.00555979204364121,
Nesterov,150,0.2125493933975572,0.005633708031382412,
Nesterov,152,0.21249796764669468,0.005708458018489182,
Nesterov,154,0.2124477030304969,0.005782167019788176,
Nesterov,156,0.21239844964966131,0.005855499999597669,
Nesterov,158,0.21235008573038539,0.005929292005021125,
Nesterov,160,0.21230251587312457,0.006006708019413054,
Nesterov,162,0.21225566693738201,0.006080000021029264,
Nesterov,164,0.2122094828588326,0.006153499998617917,
Nesterov,166,0.21216391943280585,0.006229500053450465,
Nesterov,168,0.21211893972844117,0.006302500027231872,
Nesterov,170,0.2120745104681951,0.0063762920326553285,
Nesterov,172,0.21203059948737282,0.006449292006436735,
Nesterov,174,0.2119871742697979,0.006523083022329956,
Nesterov,176,0.21194420149159474,0.00659658299991861,
Nesterov,178,0.21190164745314147,0.006670125003438443,
Nesterov,180,0.2118594792245262,0.006743250007275492,
Nesterov,182,0.21181766628050944,0.00681700004497543,
Nesterov,184,0.21177618237121484,0.006891208002343774,
Nesterov,186,0.2117350073709186,0.006965417007450014,
Nesterov,188,0.21169412886604924,0.007038958021439612,
Nesterov,190,0.21165354327851066,0.007112625055015087,
Nesterov,192,0.21161325636897757,0.007185708032920957,
Nesterov,194,0.2115732830281187,0.007259375008288771,
Nesterov,196,0.2115336463417452,0.007332375040277839,
Nesterov,198,0.21149437600178944,0.007405500044114888,
Nesterov,200,0.2114555062143891,0.007478708052076399,
Nesterov,202,0.21141707331223822,0.0075569580076262355,
Nesterov,204,0.21137911329880543,0.007630542037077248,
Nesterov,206,0.21134165953527764,0.007704042014665902,
Nesterov,208,0.2113047407359481,0.007777583028655499,
Nesterov,210,0.21126837937920573,0.007851667003706098,
Nesterov,212,0.21123259058437144,0.007924917037598789,
Nesterov,214,0.21119738145968822,0.007998458051588386,
Nesterov,216,0.21116275089748626,0.008072583004832268,
Nesterov,218,0.21112868977684848,0.008146792009938508,
Nesterov,220,0.21109518152675427,0.008220125047955662,
Nesterov,222,0.2110622029980743,0.008293708029668778,
Nesterov,224,0.21102972558708907,0.008367250033188611,
Nesterov,226,0.21099771654539315,0.00844112504273653,
Nesterov,228,0.21096614040277437,0.008516250003594905,
Nesterov,230,0.21093496042418688,0.008590250043198466,
Nesterov,232,0.21090414002244903,0.008663292042911053,
Nesterov,234,0.21087364405637518,0.008736667048651725,
Nesterov,236,0.21084343995880298,0.008809750026557595,
Nesterov,238,0.21081349865731266,0.008883792033884674,
Nesterov,240,0.21078379526826008,0.008956917037721723,
Nesterov,242,0.210754309558666,0.009031167021021247,
Nesterov,244,0.21072502617906397,0.009103958029299974,
Nesterov,246,0.21069593467454967,0.009177750034723431,
Nesterov,248,0.21066702928363745,0.009251083014532924,
Nesterov,250,0.21063830853817544,0.009324750048108399,
Nesterov,252,0.21060977468456604,0.009397833026014268,
Nesterov,254,0.21058143295708937,0.009470042015891522,
Nesterov,256,0.21055329074650764,0.009547125024255365,
Nesterov,258,0.2105253567183549,0.009620458004064858,
Nesterov,260,0.21049763994219878,0.009693750005681068,
Nesterov,262,0.2104701490934187,0.009767083043698221,
Nesterov,264,0.21044289178188325,0.009840250015258789,
Nesterov,266,0.21041587404826087,0.009916875045746565,
Nesterov,268,0.21038910005074685,0.009990208025556058,
Nesterov,270,0.2103625719455854,0.01006454200251028,
Nesterov,272,0.21033628994664513,0.01013912505004555,
Nesterov,274,0.21031025253460373,0.010214000009000301,
Nesterov,276,0.2102844567762458,0.010286125005222857,
Nesterov,278,0.21025889870938738,0.01036400004522875,
Nesterov,280,0.2102335737487551,0.010436958051286638,
Nesterov,282,0.21020847707213058,0.010510708030778915,
Nesterov,284,0.21018360395338134,0.010586417047306895,
Nesterov,286,0.21015895001867876,0.010660833038855344,
Nesterov,288,0.21013451141322606,0.010733583010733128,
Nesterov,290,0.21011028487705413,0.010809750005137175,
Nesterov,292,0.21008626773876074,0.010885542025789618,
Nesterov,294,0.21006245784439098,0.010962042026221752,
Nesterov,296,0.21003885344415155,0.011035958013962954,
Nesterov,298,0.21001545306184966,0.011110208055470139,
Nesterov,300,0.20999225537083682,0.011183833004906774,
Nesterov,302,0.20996925909627176,0.01125766703626141,
Nesterov,304,0.20994646295752148,0.01133091701194644,
Nesterov,306,0.2099238656575259,0.011404625023715198,
Nesterov,308,0.20990146591902342,0.011478083033580333,
Nesterov,310,0.20987926256155862,0.011551542032975703,
Nesterov,312,0.20985725460877497,0.011624750040937215,
Nesterov,314,0.20983544141288252,0.01169841701630503,
Nesterov,316,0.20981382278230207,0.011772125028073788,
Nesterov,318,0.20979239909901048,0.011845625005662441,
Nesterov,320,0.20977117141361565,0.01192158303456381,
Nesterov,322,0.20975014150826427,0.01199558301595971,
Nesterov,324,0.20972931191982805,0.012068458017893136,
Nesterov,326,0.209708685918269,0.01214212505146861,
Nesterov,328,0.20968826743763141,0.01221525005530566,
Nesterov,330,0.20966806095978835,0.012288583035115153,
Nesterov,332,0.20964807135392782,0.01236254203831777,
Nesterov,334,0.20962830367774943,0.012436250050086528,
Nesterov,336,0.20960876294930952,0.012509292049799114,
Nesterov,338,0.2095894539011374,0.012583333009388298,
Nesterov,340,0.20957038073032597,0.012657417042646557,
Nesterov,342,0.20955154685946656,0.012731625000014901,
Nesterov,344,0.2095329547233191,0.012805667007341981,
Nesterov,346,0.20951460559489524,0.012879625021014363,
Nesterov,348,0.2094964994622551,0.01295258302707225,
Nesterov,350,0.20947863496401178,0.013026375032495707,
Nesterov,352,0.20946100938763143,0.013100833049975336,
Nesterov,354,0.20944361873051817,0.01317454205127433,
Nesterov,356,0.20942645781995273,0.013257125043310225,
Nesterov,358,0.20940952048454892,0.013329917041119188,
Nesterov,360,0.2093927997672121,0.013402917014900595,
Nesterov,362,0.2093762881677633,0.013476749998517334,
Nesterov,364,0.20935997790242805,0.013550333038438112,
Nesterov,366,0.2093438611672326,0.01362420804798603,
Nesterov,368,0.20932793039286654,0.013697667047381401,
Nesterov,370,0.20931217847963374,0.013771625002846122,
Nesterov,372,0.20929659900258138,0.013844833010807633,
Nesterov,374,0.2092811863786534,0.01391866704216227,
Nesterov,376,0.20926593598969037,0.013992792053613812,
Nesterov,378,0.20925084425722576,0.014066750009078532,
Nesterov,380,0.20923590866728334,0.014140292012598366,
Nesterov,382,0.20922112774571788,0.014214125054422766,
Nesterov,384,0.2092065009870084,0.014289000013377517,
Nesterov,386,0.20919202874171347,0.014361583045683801,
Nesterov,388,0.2091777120698988,0.014434542041271925,
Nesterov,390,0.20916355256959374,0.014508250053040683,
Nesterov,392,0.2091495521905508,0.014581417024601251,
Nesterov,394,0.2091357130441221,0.01465508301043883,
Nesterov,396,0.2091220372198436,0.014736875018570572,
Nesterov,398,0.20910852661830545,0.01481058303033933,
Nesterov,400,0.20909518280816863,0.014884875039570034,
Nesterov,402,0.2090820069129275,0.014958833053242415,
Nesterov,404,0.20906899953044256,0.01503245800267905,
Nesterov,406,0.20905616068565183,0.015106458042282611,
Nesterov,408,0.20904348981447302,0.015180208021774888,
Nesterov,410,0.20903098577496088,0.015265125024598092,
Nesterov,412,0.20901864688044086,0.015338333032559603,
Nesterov,414,0.209006470948674,0.015411667001899332,
Nesterov,416,0.20899445536110584,0.015484917035792023,
Nesterov,418,0.20898259712682252,0.015558792045339942,
Nesterov,420,0.20897089294683222,0.0156372920027934,
Nesterov,422,0.20895933927553492,0.015718292037490755,
Nesterov,424,0.20894793237755094,0.015791292011272162,
Nesterov,426,0.20893666837929284,0.01587608305271715,
Nesterov,428,0.20892554331564744,0.015949292050208896,
Nesterov,430,0.20891455317281835,0.016025292046833783,
Nesterov,432,0.20890369392872135,0.016106000053696334,
Nesterov,434,0.2088929615923503,0.01617945800535381,
Nesterov,436,0.20888235224329027,0.016252417000941932,
Nesterov,438,0.20887186207212638,0.016334167041350156,
Nesterov,440,0.20886148742196967,0.016407250019256026,
Nesterov,442,0.20885122483078186,0.01648075005505234,
Nesterov,444,0.2088410710736964,0.016561583033762872,
Nesterov,446,0.20883102320415242,0.01663550001103431,
Nesterov,448,0.20882107859240373,0.016716875019483268,
Nesterov,450,0.2088112349598362,0.016790542053058743,
Nesterov,452,0.2088014904075108,0.01686350000090897,
Nesterov,454,0.20879184343742058,0.01693741703638807,
Nesterov,456,0.20878229296509174,0.017011083022225648,
Nesterov,458,0.20877283832235316,0.017089833039790392,
Nesterov,460,0.20876347924934321,0.017162583011668175,
Nesterov,462,0.2087542158751232,0.017235792009159923,
Nesterov,464,0.20874504868662982,0.0173169580521062,
Nesterov,466,0.2087359784861329,0.017390458029694855,
Nesterov,468,0.20872700633786365,0.017463125055655837,
Nesterov,470,0.2087181335050313,0.01754545804578811,
Nesterov,472,0.20870936137901613,0.017621042032260448,
Nesterov,474,0.20870069140307362,0.0177033330546692,
Nesterov,476,0.2086921249933546,0.017776917025912553,
Nesterov,478,0.20868366346039008,0.01785050000762567,
Nesterov,480,0.20867530793436234,0.017923208011779934,
Nesterov,482,0.20866705929745646,0.017997333023231477,
Nesterov,484,0.20865891812635345,0.018071542028337717,
Nesterov,486,0.20865088464749296,0.018153500044718385,
Nesterov,488,0.20864295870713406,0.0182270830264315,
Nesterov,490,0.2086351397575206,0.018299708026461303,
Nesterov,492,0.2086274268596605,0.018380875000730157,
Nesterov,494,0.2086198187024185,0.018455333018209785,
Nesterov,496,0.2086123136368416,0.018528792017605156,
Nesterov,498,0.20860490972393836,0.01860304200090468,
Nesterov,500,0.20859760479354653,0.018682542024180293,
Heavy Ball,0,0.5000000000000001,2.2499996703118086e-05,
Heavy Ball,2,0.32808561954896603,9.950000094249845e-05,
Heavy Ball,4,0.36230583961596274,0.00017754198051989079,
Heavy Ball,6,0.2823094541936023,0.0002501669805496931,
Heavy Ball,8,0.2984273971650007,0.0003225000109523535,
Heavy Ball,10,0.2624954983608702,0.00040670798625797033,
Heavy Ball,12,0.26722033070177054,0.00047874997835606337,
Heavy Ball,14,0.2515394805250449,0.0005507079767994583,
Heavy Ball,16,0.2535296260260086,0.0006290419842116535,
Heavy Ball,18,0.24584421663557887,0.0007014579605311155,
Heavy Ball,20,0.24535006038119808,0.0007841250044293702,
Heavy Ball,22,0.2413762001219135,0.0008607080089859664,
Heavy Ball,24,0.2406024652024074,0.0009318749653175473,
Heavy Ball,26,0.2382009607380807,0.0010092079755850136,
Heavy Ball,28,0.23710372534454535,0.0010841669864021242,
Heavy Ball,30,0.23553157203784408,0.0011569579946808517,
Heavy Ball,32,0.234646210653799,0.001230207970365882,
Heavy Ball,34,0.23359569193118496,0.00130116700893268,
Heavy Ball,36,0.23280328183839874,0.001381249981932342,
Heavy Ball,38,0.23196620819129507,0.001452583004720509,
Heavy Ball,40,0.23126719553859584,0.0015272920136339962,
Heavy Ball,42,0.2305752428908629,0.0015992919798009098,
Heavy Ball,44,0.22995528281591107,0.0016781250014901161,
Heavy Ball,46,0.22936210570039692,0.0017498329980298877,
Heavy Ball,48,0.22881914263555556,0.0018217499600723386,
Heavy Ball,50,0.2283053018409851,0.0019018749590031803,
Heavy Ball,52,0.22782504702779194,0.0019738749833777547,
Heavy Ball,54,0.22737067814940717,0.002045458008069545,
Heavy Ball,56,0.2269431883950495,0.0021174169960431755,
Heavy Ball,58,0.22653866789247468,0.0021896669641137123,
Heavy Ball,60,0.2261555727970849,0.0022615829948335886,
Heavy Ball,62,0.22579195855549825,0.0023337079910561442,
Heavy Ball,64,0.22544651665651408,0.0024127920041792095,
Heavy Ball,66,0.2251179925971859,0.002488124999217689,
Heavy Ball,68,0.2248050542170844,0.002560166991315782,
Heavy Ball,70,0.2245067040803102,0.0026323749916628003,
Heavy Ball,72,0.22422187554187736,0.0027109580114483833,
Heavy Ball,74,0.22394975351426785,0.0027823749696835876,
Heavy Ball,76,0.22368943524316257,0.002861207991372794,
Heavy Ball,78,0.2234402208663703,0.0029327499796636403,
Heavy Ball,80,0.22320138713266816,0.003004666999913752,
Heavy Ball,82,0.22297233737309088,0.003082667011767626,
Heavy Ball,84,0.22275246627714304,0.003153375000692904,
Heavy Ball,86,0.2225412547171356,0.0032253749668598175,
Heavy Ball,88,0.22233819583332606,0.00329724996117875,
Heavy Ball,90,0.22214284208126522,0.0033692920114845037,
Heavy Ball,92,0.22195476239909379,0.003440750006120652,
Heavy Ball,94,0.2217735674935667,0.003521125006955117,
Heavy Ball,96,0.2215988879440411,0.003592332999687642,
Heavy Ball,98,0.22143038568570403,0.003664374991785735,
Heavy Ball,100,0.22126774152544715,0.003743792010936886,
Heavy Ball,102,0.22111066043192776,0.003814791969489306,
Heavy Ball,104,0.22095886481399407,0.0038937919889576733,
Heavy Ball,106,0.2208120964947023,0.003964999981690198,
Heavy Ball,108,0.2206701127332067,0.004041792009957135,
Heavy Ball,110,0.22053268668248646,0.0041204579756595194,
Heavy Ball,112,0.22039960503168277,0.004191499960143119,
Heavy Ball,114,0.2202706677946588,0.004272374964784831,
Heavy Ball,116,0.22014568673675594,0.004352791991550475,
Heavy Ball,118,0.22002448490073523,0.004423625010531396,
Heavy Ball,120,0.21990689552232107,0.004501832998357713,
Heavy Ball,122,0.2197927614906988,0.004583875008393079,
Heavy Ball,124,0.21968193453710325,0.004655541968531907,
Heavy Ball,126,0.2195742747076488,0.004731791967060417,
Heavy Ball,128,0.21946964973221655,0.004803791991434991,
Heavy Ball,130,0.2193679345470987,0.004875457962043583,
Heavy Ball,132,0.21926901078437444,0.004947417008224875,
Heavy Ball,134,0.2191727663496997,0.005029583000577986,
Heavy Ball,136,0.21907909500028555,0.00510608300101012,
Heavy Ball,138,0.21898789597776597,0.005182624969165772,
Heavy Ball,140,0.2188990736533763,0.00525879196356982,
Heavy Ball,142,0.21881253721014232,0.0053384999628178775,
Heavy Ball,144,0.21872820034149681,0.005412416998296976,
Heavy Ball,146,0.2186459809768176,0.005488291964866221,
Heavy Ball,148,0.21856580102347414,0.005560207995586097,
Heavy Ball,150,0.21848758612951238,0.005633666994981468,
Heavy Ball,152,0.2184112654616054,0.005706041993107647,
Heavy Ball,154,0.21833677149955116,0.00577804195927456,
Heavy Ball,156,0.21826403984427717,0.005850332963746041,
Heavy Ball,158,0.218193009039437,0.00592349999351427,
Heavy Ball,160,0.21812362040476205,0.005995541985612363,
Heavy Ball,162,0.21805581788078576,0.00606704200617969,
Heavy Ball,164,0.21798954788371439,0.006138750002719462,
Heavy Ball,166,0.21792475916991333,0.006215374974999577,
Heavy Ball,168,0.21786140270912835,0.006287041993346065,
Heavy Ball,170,0.2177994315659018,0.006358792015817016,
Heavy Ball,172,0.21773880078850907,0.006430207984521985,
Heavy Ball,174,0.21767946730491472,0.006506250007078052,
Heavy Ball,176,0.21762138982521134,0.0065774169634096324,
Heavy Ball,178,0.21756452875009882,0.006648957962170243,
Heavy Ball,180,0.21750884608496204,0.00672033301088959,
Heavy Ball,182,0.21745430535916443,0.006791207997594029,
Heavy Ball,184,0.21740087155018745,0.006863499991595745,
Heavy Ball,186,0.2173485110122873,0.006936582969501615,
Heavy Ball,188,0.21729719140935638,0.007006916974205524,
Heavy Ball,190,0.2172468816517082,0.007079083006829023,
Heavy Ball,192,0.21719755183651848,0.007151041994802654,
Heavy Ball,194,0.21714917319168303,0.0072246670024469495,
Heavy Ball,196,0.21710171802286357,0.00730012496933341,
Heavy Ball,198,0.21705515966351416,0.0073719999636523426,
Heavy Ball,200,0.217009472427695,0.007446124975103885,
Heavy Ball,202,0.21696463156549292,0.007518332975450903,
Heavy Ball,204,0.21692061322088288,0.007589624961838126,
Heavy Ball,206,0.21687739439187576,0.0076629999675787985,
Heavy Ball,208,0.21683495289280774,0.007736624975223094,
Heavy Ball,210,0.21679326731863946,0.007808916969224811,
Heavy Ball,212,0.2167523170111385,0.00788108300184831,
Heavy Ball,214,0.21671208202683132,0.007952666957862675,
Heavy Ball,216,0.21667254310661604,0.00802541698794812,
Heavy Ball,218,0.21663368164693594,0.008097624988295138,
Heavy Ball,220,0.21659547967242004,0.008171166991814971,
Heavy Ball,222,0.21655791980990385,0.008244625001680106,
Heavy Ball,224,0.216520985263748,0.008315957966260612,
Heavy Ball,226,0.21648465979238043,0.008387957990635186,
Heavy Ball,228,0.2164489276859892,0.008459666976705194,
Heavy Ball,230,0.21641377374530066,0.008531667001079768,
Heavy Ball,232,0.21637918326138117,0.008603207999840379,
Heavy Ball,234,0.2163451419964038,0.008675042015966028,
Heavy Ball,236,0.21631163616532545,0.008745500002987683,
Heavy Ball,238,0.21627865241842484,0.008816167013719678,
Heavy Ball,240,0.21624617782465216,0.00888804200803861,
Heavy Ball,242,0.21621419985574716,0.00895966700045392,
Heavy Ball,244,0.21618270637108258,0.009031708003021777,
Heavy Ball,246,0.21615168560319503,0.009103541960939765,
Heavy Ball,248,0.21612112614396511,0.009175167011562735,
Heavy Ball,250,0.21609101693141367,0.009249750000890344,
Heavy Ball,252,0.21606134723708012,0.009321499965153635,
Heavy Ball,254,0.21603210665395386,0.009393292013555765,
Heavy Ball,256,0.21600328508492925,0.009467958007007837,
Heavy Ball,258,0.21597487273175692,0.009541291976347566,
Heavy Ball,260,0.21594686008446756,0.009615832997951657,
Heavy Ball,262,0.21591923791124168,0.009689749975223094,
Heavy Ball,264,0.21589199724870606,0.009763832960743457,
Heavy Ball,266,0.21586512939263297,0.009836125012952834,
Heavy Ball,268,0.2158386258890236,0.009907957981340587,
Heavy Ball,270,0.21581247852555685,0.009980666975025088,
Heavy Ball,272,0.2157866793233849,0.010052457975689322,
Heavy Ball,274,0.2157612205292601,0.010124207998160273,
Heavy Ball,276,0.21573609460797594,0.010196042014285922,
Heavy Ball,278,0.21571129423510807,0.010267624980770051,
Heavy Ball,280,0.2156868122900414,0.010339625005144626,
Heavy Ball,282,0.21566264184926912,0.010411957977339625,
Heavy Ball,284,0.21563877617995159,0.010483624995686114,
Heavy Ball,286,0.21561520873372322,0.010555207962170243,
Heavy Ball,288,0.21559193314073583,0.01062750001437962,
Heavy Ball,290,0.2155689432039277,0.010698958009015769,
Heavy Ball,292,0.21554623289350874,0.01077166700270027,
Heavy Ball,294,0.2155237963416511,0.01084791700122878,
Heavy Ball,296,0.21550162783737764,0.010921249981038272,
Heavy Ball,298,0.21547972182163805,0.010995541990268975,
Heavy Ball,300,0.21545807288256558,0.011070124979596585,
Heavy Ball,302,0.21543667575090633,0.011142625007778406,
Heavy Ball,304,0.2154155252956133,0.011216250015422702,
Heavy Ball,306,0.2153946165195984,0.011287832981906831,
Heavy Ball,308,0.21537394455563644,0.011359874974004924,
Heavy Ball,310,0.21535350466241346,0.011431708000600338,
Heavy Ball,312,0.21533329222071484,0.011503374960739166,
Heavy Ball,314,0.2153133027297462,0.011574500007554889,
Heavy Ball,316,0.2152935318035823,0.011646375001873821,
Heavy Ball,318,0.21527397516773863,0.011717749992385507,
Heavy Ball,320,0.21525462865586115,0.011789250012952834,
Heavy Ball,322,0.21523548820652824,0.011860541999340057,
Heavy Ball,324,0.21521654986016212,0.011931957968045026,
Heavy Ball,326,0.2151978097560438,0.01200320798670873,
Heavy Ball,328,0.21517926412942856,0.012074749974999577,
Heavy Ball,330,0.21516090930875784,0.012146457971539348,
Heavy Ball,332,0.21514274171296333,0.012218041985761374,
Heavy Ball,334,0.21512475784886045,0.012289666978176683,
Heavy Ball,336,0.21510695430862725,0.012361083005089313,
Heavy Ball,338,0.21508932776736586,0.012432916963007301,
Heavy Ball,340,0.21507187498074287,0.012504707963671535,
Heavy Ball,342,0.21505459278270678,0.01257600000826642,
Heavy Ball,344,0.21503747808327808,0.012649125012103468,
Heavy Ball,346,0.21502052786641068,0.012720791972242296,
Heavy Ball,348,0.21500373918792148,0.012792499968782067,
Heavy Ball,350,0.21498710917348532,0.012863916985224932,
Heavy Ball,352,0.2149706350166938,0.012935167003888637,
Heavy Ball,354,0.2149543139771748,0.013007708010263741,
Heavy Ball,356,0.21493814337877062,0.013079957978334278,
Heavy Ball,358,0.21492212060777358,0.013151499966625124,
Heavy Ball,360,0.21490624311121587,0.013223042013123631,
Heavy Ball,362,0.21489050839521226,0.013296749966684729,
Heavy Ball,364,0.21487491402335426,0.013367249979637563,
Heavy Ball,366,0.21485945761515277,0.013439124973956496,
Heavy Ball,368,0.214844136844529,0.013512749981600791,
Heavy Ball,370,0.21482894943835065,0.01358420797623694,
Heavy Ball,372,0.21481389317501284,0.013655832968652248,
Heavy Ball,374,0.21479896588306158,0.013727666984777898,
Heavy Ball,376,0.21478416543985876,0.013799000007566065,
Heavy Ball,378,0.21476948977028695,0.013870832975953817,
Heavy Ball,380,0.21475493684549288,0.013944791979156435,
Heavy Ball,382,0.21474050468166847,0.014016792003531009,
Heavy Ball,384,0.21472619133886744,0.014088916999753565,
Heavy Ball,386,0.2147119949198573,0.014160374994389713,
Heavy Ball,388,0.21469791356900478,0.014232541958335787,
Heavy Ball,390,0.21468394547119424,0.014304167008958757,
Heavy Ball,392,0.21467008885077707,0.014375541999470443,
Heavy Ball,394,0.21465634197055244,0.01444683299632743,
Heavy Ball,396,0.2146427031307767,0.014518541982397437,
Heavy Ball,398,0.2146291706682025,0.014590542006772012,
Heavy Ball,400,0.214615742955144,0.014663167006801814,
Heavy Ball,402,0.21460241839857092,0.014734749973285943,
Heavy Ball,404,0.2145891954392268,0.014806666993536055,
Heavy Ball,406,0.21457607255077332,0.014878999965731055,
Heavy Ball,408,0.21456304823895844,0.014950166980270296,
Heavy Ball,410,0.2145501210408089,0.015021750004962087,
Heavy Ball,412,0.21453728952384446,0.015093124995473772,
Heavy Ball,414,0.2145245522853152,0.015164957963861525,
Heavy Ball,416,0.21451190795145975,0.015236832958180457,
Heavy Ball,418,0.21449935517678467,0.01530945795821026,
Heavy Ball,420,0.21448689264336326,0.015379832999315113,
Heavy Ball,422,0.21447451906015494,0.015453125000931323,
Heavy Ball,424,0.21446223316234245,0.015522416972089559,
Heavy Ball,426,0.21445003371068802,0.015595333010423928,
Heavy Ball,428,0.21443791949090757,0.015669249987695366,
Heavy Ball,430,0.2144258893130612,0.015743791998829693,
Heavy Ball,432,0.2144139420109612,0.015815582999493927,
Heavy Ball,434,0.21440207644159634,0.01588774996344,
Heavy Ball,436,0.21439029148457098,0.015959499985910952,
Heavy Ball,438,0.21437858604156043,0.016031207982450724,
Heavy Ball,440,0.21436695903578087,0.016102875000797212,
Heavy Ball,442,0.21435540941147302,0.016174957971088588,
Heavy Ball,444,0.21434393613340041,0.01625225000316277,
Heavy Ball,446,0.2143325381863611,0.0163238329696469,
Heavy Ball,448,0.21432121457471234,0.016395207960158587,
Heavy Ball,450,0.21430996432190771,0.016467167006339878,
Heavy Ball,452,0.2142987864700473,0.016538958007004112,
Heavy Ball,454,0.21428768007943919,0.016611083003226668,
Heavy Ball,456,0.21427664422817325,0.016684332978911698,
Heavy Ball,458,0.21426567801170562,0.016764374973718077,
Heavy Ball,460,0.2142547805424545,0.016835249960422516,
Heavy Ball,462,0.21424395094940665,0.016907375014852732,
Heavy Ball,464,0.21423318837773409,0.01698408299125731,
Heavy Ball,466,0.21422249198842094,0.017063041974324733,
Heavy Ball,468,0.2142118609579,0.017136832990217954,
Heavy Ball,470,0.2142012944776989,0.017213166982401162,
Heavy Ball,472,0.21419079175409525,0.01728987495880574,
Heavy Ball,474,0.21418035200778124,0.01736154197715223,
Heavy Ball,476,0.21416997447353606,0.017433041997719556,
Heavy Ball,478,0.21415965839990794,0.01750499999616295,
Heavy Ball,480,0.21414940304890331,0.017576291982550174,
Heavy Ball,482,0.21413920769568465,0.017648166976869106,
Heavy Ball,484,0.21412907162827582,0.017720417003147304,
Heavy Ball,486,0.21411899414727506,0.01779308298137039,
Heavy Ball,488,0.2141089745655751,0.01787087495904416,
Heavy Ball,490,0.21409901220809052,0.017943000013474375,
Heavy Ball,492,0.21408910641149245,0.018014792003668845,
Heavy Ball,494,0.2140792565239489,0.01808629196602851,
Heavy Ball,496,0.2140694619048732,0.018158582970499992,
Heavy Ball,498,0.2140597219246772,0.018230042012874037,
Heavy Ball,500,0.21405003596453198,0.018301791977137327,
SGD,0,0.5000000000000001,3.574998117983341e-05,0.0
SGD,5,0.3066844723675173,0.0003629999700933695,160.0
SGD,10,0.29347146192867535,0.0005278330063447356,320.0
SGD,15,0.2824807650373558,0.000688833009917289,480.0
SGD,20,0.2883368535228772,0.0008510419866070151,640.0
SGD,25,0.28046563054504203,0.0010100419749505818,800.0
SGD,30,0.26086383696712717,0.001168832997791469,960.0
SGD,35,0.26914901269249963,0.0013268329785205424,1120.0
SGD,40,0.2701559833448059,0.0014894999912939966,1280.0
SGD,45,0.2688834298468762,0.0016481669736094773,1440.0
SGD,50,0.25444197521059164,0.0018058749847114086,1600.0
SGD,55,0.33844861625126427,0.001963125017937273,1760.0
SGD,60,0.2541721071973245,0.0021252500009723008,1920.0
SGD,65,0.2540165511806884,0.0022838329896330833,2080.0
SGD,70,0.25041698812546015,0.002439917006995529,2240.0
SGD,75,0.26144001830290536,0.002596332982648164,2400.0
SGD,80,0.24717444733312824,0.002752833010163158,2560.0
SGD,85,0.25763749148032355,0.0029151670169085264,2720.0
SGD,90,0.2521684391484901,0.0030721669900231063,2880.0
SGD,95,0.2593704459986896,0.003229374997317791,3040.0
SGD,100,0.26188739343766854,0.003385874966625124,3200.0
SGD,105,0.2447486629378463,0.003543208003975451,3360.0
SGD,110,0.25381194953527403,0.0036997499992139637,3520.0
SGD,115,0.26879365711276026,0.0038569580065086484,3680.0
SGD,120,0.2565968287607286,0.004013500001747161,3840.0
SGD,125,0.24377719489294217,0.004169167019426823,4000.0
SGD,130,0.23996113587948506,0.004325042013078928,4160.0
SGD,135,0.24000216002131822,0.0044867919641546905,4320.0
SGD,140,0.2408737832691758,0.004642500018235296,4480.0
SGD,145,0.24226494151436465,0.0048003330011852086,4640.0
SGD,150,0.24004590364734965,0.004956041986588389,4800.0
SGD,155,0.2386343322762203,0.005113125022035092,4960.0
SGD,160,0.24059101538223135,0.005270249966997653,5120.0
SGD,165,0.23779506418073815,0.005426249990705401,5280.0
SGD,170,0.256713089251762,0.005582957994192839,5440.0
SGD,175,0.24755504083679697,0.005740332999266684,5600.0
SGD,180,0.24812498563666918,0.005895333015359938,5760.0
SGD,185,0.24387529019977602,0.006056541984435171,5920.0
SGD,190,0.24070144492833398,0.006213542015757412,6080.0
SGD,195,0.23765618117177553,0.0063701249891892076,6240.0
SGD,200,0.25151321357102957,0.006526458018925041,6400.0
SGD,205,0.23881313912926785,0.006683250016067177,6560.0
SGD,210,0.2521897472806146,0.006839958019554615,6720.0
SGD,215,0.2425342677604823,0.006996124982833862,6880.0
SGD,220,0.25230610300348955,0.00715362501796335,7040.0
SGD,225,0.24820588099007998,0.007310917018912733,7200.0
SGD,230,0.24358250467162723,0.007467042014468461,7360.0
SGD,235,0.232549505035666,0.007622291974257678,7520.0
SGD,240,0.2327555506366941,0.007779082981869578,7680.0
SGD,245,0.23214565975142604,0.007935874979011714,7840.0
SGD,250,0.23100752098622943,0.008091791998595,8000.0
SGD,255,0.2720267911020932,0.00825008301762864,8160.0
SGD,260,0.23494856616942214,0.008409624977502972,8320.0
SGD,265,0.23462937626823166,0.008571667014621198,8480.0
SGD,270,0.23034707483220843,0.008730667002964765,8640.0
SGD,275,0.23036758041098399,0.008890374971088022,8800.0
SGD,280,0.24437079909449036,0.009046832972671837,8960.0
SGD,285,0.25088912863492585,0.009203833003994077,9120.0
SGD,290,0.23048825026374006,0.009360166965052485,9280.0
SGD,295,0.22995086565738435,0.009515749989077449,9440.0
SGD,300,0.2292270483825217,0.0096721249865368,9600.0
SGD,305,0.25151436448479597,0.009828499983996153,9760.0
SGD,310,0.2311507953250675,0.00998433300992474,9920.0
SGD,315,0.23144759421580957,0.010140499973203987,10080.0
SGD,320,0.24077480088358238,0.010301125003024936,10240.0
SGD,325,0.23522868368883498,0.010457917000167072,10400.0
SGD,330,0.22939554550365554,0.01061329199001193,10560.0
SGD,335,0.24543921245151018,0.01076941698556766,10720.0
SGD,340,0.22992341522182522,0.010926541988737881,10880.0
SGD,345,0.24054235328917997,0.011084207973908633,11040.0
SGD,350,0.22976677914045293,0.011241291998885572,11200.0
SGD,355,0.23214725769270514,0.01140545797534287,11360.0
SGD,360,0.2387968788393972,0.011562166968360543,11520.0
SGD,365,0.2314788674923081,0.011717874964233488,11680.0
SGD,370,0.23488030875932173,0.011874374991748482,11840.0
SGD,375,0.22967034520151544,0.012030916986986995,12000.0
SGD,380,0.24293768317621306,0.012189832981675863,12160.0
SGD,385,0.24276741299825771,0.01234658301109448,12320.0
SGD,390,0.2342405340081572,0.012502666970249265,12480.0
SGD,395,0.23984332082992335,0.012662249966524541,12640.0
SGD,400,0.22861217909120496,0.012820541975088418,12800.0
SGD,405,0.23932796136209863,0.01297691697254777,12960.0
SGD,410,0.23132810019434663,0.013134417007677257,13120.0
SGD,415,0.22696867294500755,0.013292082992848009,13280.0
SGD,420,0.2374424635846628,0.013448832964058965,13440.0
SGD,425,0.23059727711805367,0.013604082982055843,13600.0
SGD,430,0.24010720776396263,0.013760874979197979,13760.0
SGD,435,0.25923599933865726,0.013916458003222942,13920.0
SGD,440,0.2403702691875516,0.014072207966819406,14080.0
SGD,445,0.24602710377941367,0.014227874984499067,14240.0
SGD,450,0.22777791090867472,0.014383375004399568,14400.0
SGD,455,0.23666432357818976,0.014539457974024117,14560.0
SGD,460,0.2294483431132041,0.014697082981001586,14720.0
SGD,465,0.22379416799354254,0.014853874978143722,14880.0
SGD,470,0.23048365787653644,0.015009332972113043,15040.0
SGD,475,0.22424077878949183,0.015166624973062426,15200.0
SGD,480,0.2276579999627029,0.015322000021114945,15360.0
SGD,485,0.22795324915800827,0.015477582986932248,15520.0
SGD,490,0.22603343201828213,0.015634374984074384,15680.0
SGD,495,0.22931260543227514,0.01579024997772649,15840.0
SGD,500,0.24415893121534069,0.01594666700111702,16000.0
SGD,505,0.22851302943861154,0.016104625014122576,16160.0
SGD,510,0.231600608925384,0.016259207972325385,16320.0
SGD,515,0.2316447097768022,0.01642045797780156,16480.0
SGD,520,0.2474300719787015,0.016576124995481223,16640.0
SGD,525,0.24046981952295318,0.016731999989133328,16800.0
SGD,530,0.22884107128877376,0.016887291974853724,16960.0
SGD,535,0.2301215772492667,0.01704237499507144,17120.0
SGD,540,0.22462404308971723,0.017199457972310483,17280.0
SGD,545,0.22601741617932344,0.017355832969769835,17440.0
SGD,550,0.2305763105518052,0.01751116698142141,17600.0
SGD,555,0.22558475189538432,0.01766716700512916,17760.0
SGD,560,0.2438703066717039,0.01782245800131932,17920.0
SGD,565,0.25205722181683754,0.017979083000682294,18080.0
SGD,570,0.22556623790494124,0.018134041980374604,18240.0
SGD,575,0.22731366568824743,0.018289625004399568,18400.0
SGD,580,0.22858146801358095,0.018444792018271983,18560.0
SGD,585,0.24959728356902422,0.018601582967676222,18720.0
SGD,590,0.22552467820752883,0.018757542013190687,18880.0
SGD,595,0.22581884338808297,0.01891549996798858,19040.0
SGD,600,0.23602626729445164,0.019069625006522983,19200.0
SGD,605,0.23911688647924556,0.01922700001159683,19360.0
SGD,610,0.23812538097940503,0.019381541991606355,19520.0
SGD,615,0.2262342891869071,0.01953799999319017,19680.0
SGD,620,0.2392968260776526,0.019694000016897917,19840.0
SGD,625,0.22655582693935203,0.01984958298271522,20000.0
SGD,630,0.22948376672250467,0.020009458006825298,20160.0
SGD,635,0.22483002548057393,0.020165541965980083,20320.0
SGD,640,0.22412133563391812,0.020321917021647096,20480.0
SGD,645,0.2302200131577719,0.02048125001601875,20640.0
SGD,650,0.2320986064787111,0.020638749992940575,20800.0
SGD,655,0.23551591329837546,0.020798792014829814,20960.0
SGD,660,0.22767387799469194,0.02095462498255074,21120.0
SGD,665,0.2312796682496214,0.021109916968271136,21280.0
SGD,670,0.22344447136424828,0.02126629196573049,21440.0
SGD,675,0.22348981679264937,0.021422207995783538,21600.0
SGD,680,0.2258461547102229,0.021579166990704834,21760.0
SGD,685,0.22472878340859762,0.021734624984674156,21920.0
SGD,690,0.22404691522622866,0.021890166972298175,22080.0
SGD,695,0.23193539034144123,0.02204587496817112,22240.0
SGD,700,0.22339098210969538,0.022201333020348102,22400.0
SGD,705,0.2344724683350153,0.02235691697569564,22560.0
SGD,710,0.2236584325643145,0.022512333001941442,22720.0
SGD,715,0.2234219964377726,0.02266716700978577,22880.0
SGD,720,0.23179098189565406,0.022823166975285858,23040.0
SGD,725,0.23051928345883704,0.022978916997089982,23200.0
SGD,730,0.23780441311304165,0.02313416701508686,23360.0
SGD,735,0.23169491106798248,0.023290916986297816,23520.0
SGD,740,0.2236304433894798,0.02344708301825449,23680.0
SGD,745,0.23550556418195562,0.023603708017617464,23840.0
SGD,750,0.22342548837472992,0.023763249977491796,24000.0
SGD,755,0.2249506046897693,0.023920417006593198,24160.0
SGD,760,0.22455036681498616,0.024076458008494228,24320.0
SGD,765,0.22858941797894203,0.024232791969552636,24480.0
SGD,770,0.2576075806062365,0.024387707991991192,24640.0
SGD,775,0.22671453697726968,0.02454466698691249,24800.0
SGD,780,0.22413053656939938,0.024700333015061915,24960.0
SGD,785,0.2306034142364519,0.024856916978023946,25120.0
SGD,790,0.23116000716547477,0.02501412498531863,25280.0
SGD,795,0.22451077931743024,0.025169916974846274,25440.0
SGD,800,0.24103719718990455,0.025324707967229187,25600.0
SGD,805,0.22203405984112057,0.025480250013060868,25760.0
SGD,810,0.2211366056796816,0.025636332982685417,25920.0
SGD,815,0.22678737012046762,0.025792791973799467,26080.0
SGD,820,0.22936451453704826,0.025947874994017184,26240.0
SGD,825,0.22197173920150906,0.026102125004399568,26400.0
SGD,830,0.22474470957985257,0.026257499994244426,26560.0
SGD,835,0.22874578439808532,0.02641266700811684,26720.0
SGD,840,0.22467074644705515,0.026568125002086163,26880.0
SGD,845,0.2290157739703974,0.026724333001766354,27040.0
SGD,850,0.24876871596746866,0.02688037499319762,27200.0
SGD,855,0.23125566463932107,0.02703724999446422,27360.0
SGD,860,0.22623712644990046,0.027195542003028095,27520.0
SGD,865,0.2294784022162384,0.027358207968063653,27680.0
SGD,870,0.2226243580905408,0.02751495799748227,27840.0
SGD,875,0.22398521228772997,0.027671332994941622,28000.0
SGD,880,0.2233219865486223,0.02782679197844118,28160.0
SGD,885,0.2248699953284544,0.02798241697018966,28320.0
SGD,890,0.22435313562434725,0.028138082998339087,28480.0
SGD,895,0.2356302770146557,0.028294417017605156,28640.0
SGD,900,0.22230117123788065,0.028451249992940575,28800.0
SGD,905,0.22961243945167606,0.028606917010620236,28960.0
SGD,910,0.22364903416834744,0.02876633300911635,29120.0
SGD,915,0.22820039336060982,0.02892554202117026,29280.0
SGD,920,0.2324416571388234,0.029080750013235956,29440.0
SGD,925,0.22391102973810612,0.029235958005301654,29600.0
SGD,930,0.23571677554019663,0.02939141698880121,29760.0
SGD,935,0.2299101190095774,0.029547041980549693,29920.0
SGD,940,0.22944384584443203,0.029702792002353817,30080.0
SGD,945,0.23633807838732232,0.029858499998226762,30240.0
SGD,950,0.2354885101623688,0.030013957992196083,30400.0
SGD,955,0.2263690187182183,0.030168708006385714,30560.0
SGD,960,0.22235513059757694,0.03032324998639524,30720.0
SGD,965,0.22549851491954293,0.03047879197401926,30880.0
SGD,970,0.2328754524309314,0.030635082977823913,31040.0
SGD,975,0.22201046317658957,0.03079037502175197,31200.0
SGD,980,0.22265191952508992,0.0309452919755131,31360.0
SGD,985,0.22608635945975072,0.031100749969482422,31520.0
SGD,990,0.22694367063836704,0.031257082999218255,31680.0
SGD,995,0.22047588068766838,0.031412457989063114,31840.0
SGD,1000,0.24422866863628745,0.03156899998430163,32000.0
SGD,1005,0.23338604355429807,0.03172687499318272,32160.0
SGD,1010,0.22618682899616097,0.03188304201466963,32320.0
SGD,1015,0.2207091295611375,0.032039041980169713,32480.0
SGD,1020,0.2339799435832276,0.0321948750060983,32640.0
SGD,1025,0.22417812234138101,0.03235012496588752,32800.0
SGD,1030,0.22783800832690404,0.03250650002155453,32960.0
SGD,1035,0.2222851460933845,0.03266358299879357,33120.0
SGD,1040,0.22412328953487867,0.03281854197848588,33280.0
SGD,1045,0.2346510524599611,0.03297387500060722,33440.0
SGD,1050,0.22349931659233943,0.0331308749737218,33600.0
SGD,1055,0.22637826279207135,0.03328758297720924,33760.0
SGD,1060,0.224608531075385,0.033443624968640506,33920.0
SGD,1065,0.2350855024084892,0.03359891701256856,34080.0
SGD,1070,0.22790193769105732,0.033754499978385866,34240.0
SGD,1075,0.22224619453796426,0.03390995797235519,34400.0
SGD,1080,0.22553612795832648,0.03406695800367743,34560.0
SGD,1085,0.22172435502071824,0.03422258299542591,34720.0
SGD,1090,0.22432566083678615,0.03437895799288526,34880.0
SGD,1095,0.2301476061456107,0.03453462501056492,35040.0
SGD,1100,0.23153068584769101,0.03469062497606501,35200.0
SGD,1105,0.22083609763672002,0.034846541995648295,35360.0
SGD,1110,0.2336618459520541,0.03500237502157688,35520.0
SGD,1115,0.23305740181647833,0.03515524999238551,35680.0
SGD,1120,0.22745586243898142,0.03531075001228601,35840.0
SGD,1125,0.22544737278910576,0.03546587500022724,36000.0
SGD,1130,0.23573549148076994,0.035621457966044545,36160.0
SGD,1135,0.2222884100156469,0.03577670798404142,36320.0
SGD,1140,0.2220838409195266,0.03593129198998213,36480.0
SGD,1145,0.22843868997890962,0.036086499982047826,36640.0
SGD,1150,0.2314613175997303,0.03624166699592024,36800.0
SAGA,0,0.5000000000000001,2.5291985366493464e-05,0.0
SAGA,181,0.3261359494460753,0.0018665000097826123,181.0
SAGA,362,0.3120497586277184,0.0036272499710321426,362.0
SAGA,543,0.29547126683310676,0.005367834004573524,543.0
SAGA,724,0.29492836118084864,0.007122166978660971,724.0
SAGA,905,0.2829935154327075,0.008874874969478697,905.0
SAGA,1086,0.27411492811648475,0.010622041998431087,1086.0
SAGA,1267,0.27002926920535386,0.012407500005792826,1267.0
SAGA,1448,0.2705751613501974,0.014184083964210004,1448.0
SAGA,1629,0.26951005822680113,0.01593995897565037,1629.0
SAGA,1810,0.2656150511916378,0.017736000008881092,1810.0
SAGA,1991,0.2610602021153858,0.019490249978844076,1991.0
SAGA,2172,0.25756756460669644,0.02124754199758172,2172.0
SAGA,2353,0.25670332107202737,0.02303224999923259,2353.0
SAGA,2534,0.2537202002549553,0.02482270897598937,2534.0
SAGA,2715,0.25480308569330273,0.026578458957374096,2715.0
SAGA,2896,0.25324224782515564,0.028355249960441142,2896.0
SAGA,3077,0.25108170490644693,0.030147749988827854,3077.0
SAGA,3258,0.250204144207444,0.031923708971589804,3258.0
SAGA,3439,0.2491833819078341,0.033673791971523315,3439.0
SAGA,3620,0.24941084537172178,0.03550908400211483,3620.0
SAGA,3801,0.248366466058474,0.03730349999386817,3801.0
SAGA,3982,0.2463910950008455,0.03908112499630079,3982.0
SAGA,4163,0.24600035279551766,0.04096904199104756,4163.0
SAGA,4344,0.24512315534560827,0.04281041695503518,4344.0
SAGA,4525,0.24441568099400307,0.0446264169877395,4525.0
SAGA,4706,0.24392779440033835,0.046424166997894645,4706.0
SAGA,4887,0.24330743070359956,0.04812491696793586,4887.0
SAGA,5068,0.24271813355020944,0.049859499966260046,5068.0
SAGA,5249,0.2421518740161707,0.05158320895861834,5249.0
SAGA,5430,0.2418482060404218,0.05329604196595028,5430.0
SAGA,5611,0.24127265734170103,0.05502045899629593,5611.0
SAGA,5792,0.24084593517627315,0.0568171669729054,5792.0
SAGA,5973,0.24046893335177003,0.05870925000635907,5973.0
SAGA,6154,0.24009304559755557,0.060524666972924024,6154.0
SAGA,6335,0.23959368351593355,0.06226541695650667,6335.0
SAGA,6516,0.2392344017753436,0.0639677089639008,6516.0
SAGA,6697,0.23876708704527674,0.0656726669985801,6697.0
SAGA,6878,0.2384343150110499,0.06739845901029184,6878.0
SAGA,7059,0.23808180329391007,0.06912087497767061,7059.0
SAGA,7240,0.23775363182404663,0.07085799996275455,7240.0
SAGA,7421,0.23742504660232688,0.07269995898241177,7421.0
SAGA,7602,0.23712166642670235,0.07450058398535475,7602.0
SAGA,7783,0.23677393460054186,0.076579499989748,7783.0
SAGA,7964,0.23649748205246457,0.07845195900881663,7964.0
SAGA,8145,0.23620405078871956,0.0802197500015609,8145.0
SAGA,8326,0.2359185554156493,0.08194620895665139,8326.0
SAGA,8507,0.23562365260323268,0.0836965839844197,8507.0
SAGA,8688,0.23533699095207378,0.08540304197231308,8688.0
SAGA,8869,0.23508635133329364,0.08712316700257361,8869.0
SAGA,9050,0.23480689680871406,0.08888170897262171,9050.0
SAGA,9231,0.23454716883299684,0.09080645896028727,9231.0
SAGA,9412,0.2342905712633225,0.0929998749634251,9412.0
SAGA,9593,0.23404797297872643,0.09476841700961813,9593.0
SAGA,9774,0.2337946022457516,0.09650262497598305,9774.0
SAGA,9955,0.23356247545057654,0.09821808396372944,9955.0
SAGA,10136,0.2333390566302455,0.09995449997950345,10136.0
SAGA,10317,0.23310992610885964,0.1016869589802809,10317.0
SAGA,10498,0.23288176075996928,0.10341116698691621,10498.0
SAGA,10679,0.2326724660630805,0.10516179195838049,10679.0
SAGA,10860,0.23249897781830334,0.1069679589709267,10860.0
SAGA,11041,0.2322770330887068,0.10870829195482656,11041.0
SAGA,11222,0.23205877383645931,0.11058433400467038,11222.0
SAGA,11403,0.2318660780896321,0.11231266695540398,11403.0
SAGA,11584,0.23166093387337905,0.11404187500011176,11584.0
SAGA,11765,0.23146594667827633,0.11576549999881536,11765.0
SAGA,11946,0.23127801448414234,0.11748924996936694,11946.0
SAGA,12127,0.2310921834731219,0.11921345896553248,12127.0
SAGA,12308,0.2309070716896585,0.12097816698951647,12308.0
SAGA,12489,0.23072539247139393,0.12286779197165743,12489.0
SAGA,12670,0.2305463206166411,0.12464904197258875,12670.0
SAGA,12851,0.23038700202472806,0.12653745897114277,12851.0
SAGA,13032,0.23022548933218337,0.12833783397218212,13032.0
SAGA,13213,0.23005958099070173,0.13009229197632521,13213.0
SAGA,13394,0.22989127308968813,0.13183674996253103,13394.0
SAGA,13575,0.2297368899595334,0.13360025000292808,13575.0
SAGA,13756,0.22957984091799138,0.13534137496026233,13756.0
SAGA,13937,0.2294229613955471,0.1370598339708522,13937.0
SAGA,14118,0.22927079310850113,0.1387874169740826,14118.0
SAGA,14299,0.2291204465650127,0.14057533396407962,14299.0
SAGA,14480,0.22897573402146476,0.14236412500031292,14480.0
SAGA,14661,0.22882644192927937,0.14430504199117422,14661.0
SAGA,14842,0.22868197977019097,0.14606304198969156,14842.0
SAGA,15023,0.22854681885141614,0.14777783397585154,15023.0
SAGA,15204,0.2284085113428911,0.14950266695814207,15204.0
SAGA,15385,0.2282716328006253,0.15121991699561477,15385.0
SAGA,15566,0.22813712484733986,0.15295449999393895,15566.0
SAGA,15747,0.22800855109112728,0.15465316700283438,15747.0
SAGA,15928,0.22787945781875327,0.15641762496670708,15928.0
SAGA,16109,0.22775337913997423,0.15814758400665596,16109.0
SAGA,16290,0.2276287251326463,0.16020758397644386,16290.0
SAGA,16471,0.22750644068760376,0.1619612089707516,16471.0
SAGA,16652,0.22738288281194005,0.1637103749671951,16652.0
SAGA,16833,0.227262979988327,0.1654525839840062,16833.0
SAGA,17014,0.22714485906267207,0.1672309169662185,17014.0
SAGA,17195,0.2270296928708614,0.16900558397173882,17195.0
SAGA,17376,0.226915935864319,0.17076974996598437,17376.0
SAGA,17557,0.22680559544625548,0.17262812500121072,17557.0
SAGA,17738,0.2266921974106147,0.17439100000774488,17738.0
SAGA,17919,0.22658236847128904,0.1764042089926079,17919.0
SAGA,18100,0.2264758703533236,0.17817845899844542,18100.0
SAGA,18281,0.22638374911476658,0.17994404199998826,18281.0
SAGA,18462,0.22627095231647287,0.18167966697365046,18462.0
SAGA,18643,0.22616632140244095,0.183425624971278,18643.0
SAGA,18824,0.22606264227270337,0.18514999997569248,18824.0
SAGA,19005,0.22596051237011988,0.18688166700303555,19005.0
SAGA,19186,0.22586125334711318,0.18864949996350333,19186.0
SAGA,19367,0.22576213454494976,0.19039537495700642,19367.0
SAGA,19548,0.2256656325243573,0.1921240839874372,19548.0
SAGA,19729,0.2255697844697618,0.19410941697424278,19729.0
SAGA,19910,0.22547881716917342,0.19585241697495803,19910.0
SAGA,20091,0.22538890795582078,0.19757625000784174,20091.0
SAGA,20272,0.22529382939387022,0.19929199997568503,20272.0
SAGA,20453,0.2252049096579836,0.20102074998430908,20453.0
SAGA,20634,0.2251153622992254,0.2027360419742763,20634.0
SAGA,20815,0.22502695165821457,0.20445529196877033,20815.0
SAGA,20996,0.22493949673958258,0.20626929198624566,20996.0
SAGA,21177,0.22485249116011516,0.20800829195650294,21177.0
SAGA,21358,0.22477164704237065,0.2099672089680098,21358.0
SAGA,21539,0.22468803309318688,0.2117209589923732,21539.0
SAGA,21720,0.22460611931313218,0.21346695895772427,21720.0
SAGA,21901,0.22452495410645726,0.21522074996028095,21901.0
SAGA,22082,0.22444503710759978,0.21696508396416903,22082.0
SAGA,22263,0.22436468830617853,0.2187073339591734,22263.0
SAGA,22444,0.2242856166767082,0.22044537495821714,22444.0
SAGA,22625,0.22421099763579747,0.2222231249907054,22625.0
SAGA,22806,0.2241348647767841,0.22397266700863838,22806.0
SAGA,22987,0.22405917429918004,0.22568945901002735,22987.0
SAGA,23168,0.2239840304120553,0.2276560839964077,23168.0
SAGA,23349,0.22391057308176227,0.22943895898060873,23349.0
SAGA,23530,0.22384062085552062,0.23115779197541997,23530.0
SAGA,23711,0.22376783935722863,0.2328754589543678,23711.0
SAGA,23892,0.22369654186745408,0.23459358396939933,23892.0
SAGA,24073,0.22362607885258207,0.23632837500190362,24073.0
SAGA,24254,0.22355655234585498,0.23805474996333942,24254.0
SAGA,24435,0.22348808702887502,0.23976695898454636,24435.0
SAGA,24616,0.2234206706628124,0.24147537496173754,24616.0
SAGA,24797,0.2233548430039841,0.24338229198474437,24797.0
SAGA,24978,0.22328841378953976,0.24515520897693932,24978.0
SAGA,25159,0.22322220139938176,0.2469074169639498,25159.0
SAGA,25340,0.22315649370393092,0.24860983400139958,25340.0
SAGA,25521,0.22309301269383452,0.2503605419769883,25521.0
SAGA,25702,0.2230320209459557,0.25210629199864343,25702.0
SAGA,25883,0.2229681365101496,0.25384645897429436,25883.0
SAGA,26064,0.22290725081670995,0.25561729195760563,26064.0
SAGA,26245,0.2228458828615196,0.25741245900280774,26245.0
SAGA,26426,0.2227852434852824,0.25942349998513237,26426.0
SAGA,26607,0.22272542470101372,0.2612432919559069,26607.0
SAGA,26788,0.22266698380329272,0.2630244590109214,26788.0
SAGA,26969,0.222608378059236,0.26473866699961945,26969.0
SAGA,27150,0.22255082958734018,0.2665046249749139,27150.0
SAGA,27331,0.2224945683952443,0.26826595899183303,27331.0
SAGA,27512,0.22243784701025018,0.27000237500760704,27512.0
SAGA,27693,0.22238187082509842,0.27173795900307596,27693.0
SAGA,27874,0.22232580435805036,0.2735349999857135,27874.0
SAGA,28055,0.22227170121948425,0.27530958398710936,28055.0
SAGA,28236,0.2222179906415046,0.2773381249862723,28236.0
SAGA,28417,0.22216411270222738,0.27914324996527284,28417.0
SAGA,28598,0.2221100599791331,0.2808969589532353,28598.0
SAGA,28779,0.22205843774427778,0.2826503340038471,28779.0
SAGA,28960,0.22200507926259092,0.28439145896118134,28960.0
SAGA,29141,0.221953425904411,0.2861530839581974,29141.0
SAGA,29322,0.22190305681808026,0.2878901669755578,29322.0
SAGA,29503,0.22185275163167334,0.28988187498180196,29503.0
SAGA,29684,0.22180268931053673,0.2916286249528639,29684.0
SAGA,29865,0.22175320200062193,0.29365112498635426,29865.0
SAGA,30046,0.22170468106028607,0.2954535419703461,30046.0
SAGA,30227,0.2216551055091974,0.29721754195634276,30227.0
SAGA,30408,0.2216067278057184,0.29898791696177796,30408.0
SAGA,30589,0.22155900139416837,0.30075833399314433,30589.0
SAGA,30770,0.2215122330120702,0.30254116700962186,30770.0
SAGA,30951,0.22146486487817357,0.30429566698148847,30951.0
SAGA,31132,0.22141801365075564,0.30616020900197327,31132.0
SAGA,31313,0.22137192342969206,0.3080735419644043,31313.0
SAGA,31494,0.22132650335348458,0.30984733399236575,31494.0
SAGA,31675,0.22128358336421988,0.31161474995315075,31675.0
SAGA,31856,0.22123742089259937,0.3133726249798201,31856.0
SAGA,32037,0.2211927520103708,0.3151019589859061,32037.0
SAGA,32218,0.22114960422302837,0.3168481249595061,32218.0
SAGA,32399,0.22110651938427714,0.31860870897071436,32399.0
SAGA,32580,0.22106393286803977,0.320330333954189,32580.0
SAGA,32761,0.22102153337363545,0.32206058397423476,32761.0
SAGA,32942,0.2209803147831389,0.323914667009376,32942.0
SAGA,33123,0.2209391671861619,0.3257052499684505,33123.0
SAGA,33304,0.22089774091288822,0.3274737919564359,33304.0
SAGA,33485,0.22085617207086147,0.32921462500235066,33485.0
SAGA,33666,0.22081532076097424,0.33093637495767325,33666.0
SAGA,33847,0.2207751329534684,0.3326965000014752,33847.0
SAGA,34028,0.22073582731499794,0.33446895895758644,34028.0
SAGA,34209,0.22069586290693338,0.3361989589757286,34209.0
SAGA,34390,0.22065677139802448,0.33792666700901464,34390.0
SAGA,34571,0.22061761377386746,0.3396461249794811,34571.0
SAGA,34752,0.22057897924398623,0.34134445898234844,34752.0
SAGA,34933,0.220540507666949,0.34303250000812113,34933.0
SAGA,35114,0.22050279507837128,0.344738999963738,35114.0
SAGA,35295,0.22046551195786318,0.3464424589765258,35295.0
SAGA,35476,0.2204289465938096,0.3481511669815518,35476.0
SAGA,35657,0.22039349554348522,0.34985833399696276,35657.0
SAGA,35838,0.22035583479754142,0.3515674999798648,35838.0
SAGA,36019,0.2203191382881382,0.3532672500004992,36019.0
SAGA,36200,0.22028409593471857,0.35496945900376886,36200.0
Adagrad,0,0.5000000000000001,4.387501394376159e-05,0.0
Adagrad,5,1.2450213667822652,0.0003075840068049729,160.0
Adagrad,10,0.651463008867465,0.0004975420306436718,320.0
Adagrad,15,0.43518108752709367,0.0006835840176790953,480.0
Adagrad,20,0.45182389733022665,0.0008675419958308339,640.0
Adagrad,25,0.42093432456051133,0.0010512500302866101,800.0
Adagrad,30,0.3675687925939366,0.0012327500153332949,960.0
Adagrad,35,0.35357588643533994,0.0014154170057736337,1120.0
Adagrad,40,0.32112480478046407,0.0015968750230967999,1280.0
Adagrad,45,0.34483513493573653,0.0017792499857023358,1440.0
Adagrad,50,0.3412767955069458,0.0019572090241126716,1600.0
Adagrad,55,0.3057691944292374,0.0021314590121619403,1760.0
Adagrad,60,0.3081455274440636,0.002307542017661035,1920.0
Adagrad,65,0.3097138103936693,0.0024856249801814556,2080.0
Adagrad,70,0.33874640292074654,0.002666125015821308,2240.0
Adagrad,75,0.2702726688917117,0.002847667026799172,2400.0
Adagrad,80,0.26386194977341126,0.003029750019777566,2560.0
Adagrad,85,0.2977330826532397,0.003212124982383102,2720.0
Adagrad,90,1.1200311767700277,0.0033942090230993927,2880.0
Adagrad,95,0.27510120684014483,0.0035752090043388307,3040.0
Adagrad,100,0.2746634447870847,0.0037550419801846147,3200.0
Adagrad,105,0.26471344396536545,0.003933000029064715,3360.0
Adagrad,110,0.25276684653626597,0.004109500034246594,3520.0
Adagrad,115,0.296215069873356,0.004289209027774632,3680.0
Adagrad,120,0.24937717259843106,0.004475958994589746,3840.0
Adagrad,125,0.2530059418429739,0.004655166994780302,4000.0
Adagrad,130,0.24605717806014507,0.004835667030420154,4160.0
Adagrad,135,0.2522854360328257,0.005011959001421928,4320.0
Adagrad,140,0.2603497479994346,0.005190459021832794,4480.0
Adagrad,145,0.24839743049271423,0.005368041980545968,4640.0
Adagrad,150,0.2557375073929572,0.005545417021494359,4800.0
Adagrad,155,0.2546503930091493,0.005720250017475337,4960.0
Adagrad,160,0.24620245579660793,0.005898916977457702,5120.0
Adagrad,165,0.25437771281117627,0.006079167011193931,5280.0
Adagrad,170,0.27260089056192555,0.006259792018681765,5440.0
Adagrad,175,0.2504944064572106,0.006439791992306709,5600.0
Adagrad,180,0.24832758773723698,0.006624458997976035,5760.0
Adagrad,185,0.3689343569735648,0.006799624999985099,5920.0
Adagrad,190,0.2830044190432596,0.006977084034588188,6080.0
Adagrad,195,0.2879042855237413,0.007154042017646134,6240.0
Adagrad,200,0.2425551440341226,0.0073336249915882945,6400.0
Adagrad,205,0.2513118701026464,0.007512499985750765,6560.0
Adagrad,210,0.24680999695444972,0.00769029202638194,6720.0
Adagrad,215,0.24111738998388435,0.007867417007219046,6880.0
Adagrad,220,0.23997620077697626,0.008044250018429011,7040.0
Adagrad,225,0.257598616951562,0.008219834009651095,7200.0
Adagrad,230,0.24167329034277715,0.008395041979383677,7360.0
Adagrad,235,0.2489215279801062,0.008580167021136731,7520.0
Adagrad,240,0.2640478165872348,0.00875758402980864,7680.0
Adagrad,245,0.2493050851331139,0.008932291995733976,7840.0
Adagrad,250,0.24437666078393244,0.009109875012654811,8000.0
Adagrad,255,0.2687530777286677,0.009286999993491918,8160.0
Adagrad,260,0.34628105160534556,0.009465750015806407,8320.0
Adagrad,265,0.25165232611517646,0.009644666977692395,8480.0
Adagrad,270,0.23504887381105036,0.009824667009525001,8640.0
Adagrad,275,0.24158522302187094,0.01000250002834946,8800.0
Adagrad,280,0.2435556318349695,0.010177708987612277,8960.0
Adagrad,285,0.24491461481807106,0.010355125006753951,9120.0
Adagrad,290,0.2561291062125494,0.010532542015425861,9280.0
Adagrad,295,0.23930819362017708,0.010709499998483807,9440.0
Adagrad,300,0.24652391862849476,0.010898999986238778,9600.0
Adagrad,305,0.24377439740446985,0.01107875001616776,9760.0
Adagrad,310,0.23675079683134714,0.011259459017310292,9920.0
Adagrad,315,0.22954449555992876,0.011437500012107193,10080.0
Adagrad,320,0.23837016038843645,0.011615917028393596,10240.0
Adagrad,325,0.24027499937213992,0.011796750011853874,10400.0
Adagrad,330,0.27328421129423125,0.011976209003478289,10560.0
Adagrad,335,0.24187849416269647,0.012159417034126818,10720.0
Adagrad,340,0.23855570243925833,0.01233691698871553,10880.0
Adagrad,345,0.23853279995937038,0.012512292014434934,11040.0
Adagrad,350,0.25687466669091774,0.012687499984167516,11200.0
Adagrad,355,0.24151930946005018,0.012863249983638525,11360.0
Adagrad,360,0.25207627076322103,0.013039416982792318,11520.0
Adagrad,365,0.243235454652696,0.013216666993685067,11680.0
Adagrad,370,0.2507360160752378,0.013392792025115341,11840.0
Adagrad,375,0.23787009896361547,0.013569959031883627,12000.0
Adagrad,380,0.2485953861483159,0.013751375023275614,12160.0
Adagrad,385,0.23625172279587317,0.013929958979133517,12320.0
Adagrad,390,0.237009550168165,0.014106041984632611,12480.0
Adagrad,395,0.23917119925689515,0.014284208999015391,12640.0
Adagrad,400,0.24117882191871876,0.014460792008321732,12800.0
Adagrad,405,0.23513257385195555,0.014640250010415912,12960.0
Adagrad,410,0.24743368324866566,0.014817250019405037,13120.0
Adagrad,415,0.26007526063917347,0.015008500020485371,13280.0
Adagrad,420,0.23684544701627544,0.015191458980552852,13440.0
Adagrad,425,0.2445632687480863,0.015367500018328428,13600.0
Adagrad,430,0.23117403656880578,0.01554200000828132,13760.0
Adagrad,435,0.2554122819677146,0.015716166992206126,13920.0
Adagrad,440,0.25787794380328855,0.015891833987552673,14080.0
Adagrad,445,0.22984720020305605,0.016069417004473507,14240.0
Adagrad,450,0.23373484425603255,0.016243042016867548,14400.0
Adagrad,455,0.23913680275263516,0.016418625018559396,14560.0
Adagrad,460,0.22860935704605412,0.016601292008999735,14720.0
Adagrad,465,0.2600030004568014,0.016778583987616003,14880.0
Adagrad,470,0.23470673894691624,0.016954709019046277,15040.0
Adagrad,475,0.23497092237771092,0.01712920900899917,15200.0
Adagrad,480,0.23221784505388374,0.01730370899895206,15360.0
Adagrad,485,0.23685265353405813,0.017478291993029416,15520.0
Adagrad,490,0.22708285434383482,0.017652624985203147,15680.0
Adagrad,495,0.24008526716259634,0.017826792027335614,15840.0
Adagrad,500,0.23644961862584926,0.018000125011894852,16000.0
Adagrad,505,0.24678785953684843,0.018174625001847744,16160.0
Adagrad,510,0.22983382446091413,0.01834745903033763,16320.0
Adagrad,515,0.25387923628174286,0.018528083979617804,16480.0
Adagrad,520,0.25029125346364484,0.01870474999304861,16640.0
Adagrad,525,0.2533679086130405,0.018881209020037204,16800.0
Adagrad,530,0.23564470207649296,0.01906645903363824,16960.0
Adagrad,535,0.2305610412944417,0.019240333989728242,17120.0
Adagrad,540,0.22898569698247676,0.019419250020291656,17280.0
Adagrad,545,0.2801160698032572,0.019595958990976214,17440.0
Adagrad,550,0.2740935204676631,0.019771750026848167,17600.0
Adagrad,555,0.2690142819363848,0.019949292007368058,17760.0
Adagrad,560,0.22889209942594038,0.020125042006839067,17920.0
Adagrad,565,0.23173997629641094,0.02030179201392457,18080.0
Adagrad,570,0.23693133059431262,0.020478792022913694,18240.0
Adagrad,575,0.2310030819347788,0.020653292012866586,18400.0
Adagrad,580,0.2430193290147449,0.02082787500694394,18560.0
Adagrad,585,0.23398489335387848,0.021005959017202258,18720.0
Adagrad,590,0.2331491451373011,0.021179167029913515,18880.0
Adagrad,595,0.23685482192303733,0.021353584015741944,19040.0
Adagrad,600,0.23672460458261627,0.02152758400188759,19200.0
Adagrad,605,0.22210981444014846,0.021703209029510617,19360.0
Adagrad,610,0.24919144055914627,0.021877249993849546,19520.0
Adagrad,615,0.2448526329883448,0.0220505420002155,19680.0
Adagrad,620,0.2278106054024071,0.022226084023714066,19840.0
Adagrad,625,0.23894728921375627,0.02240229200106114,20000.0
Adagrad,630,0.23146603906596278,0.022575374983716756,20160.0
Adagrad,635,0.2708004409477675,0.022749833995476365,20320.0
Adagrad,640,0.22805879716904973,0.02293249999638647,20480.0
Adagrad,645,0.23767313898796452,0.02311091701267287,20640.0
Adagrad,650,0.24198416468120737,0.023289959004614502,20800.0
Adagrad,655,0.23975494543415451,0.023558333981782198,20960.0
Adagrad,660,0.24065330185172218,0.023748416977468878,21120.0
Adagrad,665,0.23198363866120844,0.02393208403373137,21280.0
Adagrad,670,0.2422342772402883,0.02411383402068168,21440.0
Adagrad,675,0.2367675716665929,0.02429400000255555,21600.0
Adagrad,680,0.2284901698538898,0.024473124998621643,21760.0
Adagrad,685,0.2471477579842426,0.024651249987073243,21920.0
Adagrad,690,0.2428709887570031,0.024832625000271946,22080.0
Adagrad,695,0.23235448540115064,0.02501325000775978,22240.0
Adagrad,700,0.23120924359665174,0.025193584035150707,22400.0
Adagrad,705,0.2265421835435783,0.02537175000179559,22560.0
Adagrad,710,0.2240318343242838,0.025548667006660253,22720.0
Adagrad,715,0.22824998609506594,0.02572787500685081,22880.0
Adagrad,720,0.2302451703364643,0.025908624986186624,23040.0
Adagrad,725,0.22975251420407589,0.026090375031344593,23200.0
Adagrad,730,0.22964510750557093,0.026267750014085323,23360.0
Adagrad,735,0.22361268569707704,0.026446792006026953,23520.0
Adagrad,740,0.22780287615196165,0.02663054200820625,23680.0
Adagrad,745,0.235694677286629,0.026809959032107145,23840.0
Adagrad,750,0.23119107287349083,0.02698987501207739,24000.0
Adagrad,755,0.2634337785938138,0.02717837499221787,24160.0
Adagrad,760,0.23043174470630204,0.027356249978765845,24320.0
Adagrad,765,0.22880383726634518,0.02753570902859792,24480.0
Adagrad,770,0.2464370392188864,0.027714834024664015,24640.0
Adagrad,775,0.22989968646402353,0.027892959013115615,24800.0
Adagrad,780,0.22544855028190333,0.028067834035027772,24960.0
Adagrad,785,0.22809168723688086,0.028243042004760355,25120.0
Adagrad,790,0.22383457632214193,0.02841945900581777,25280.0
Adagrad,795,0.2405588494464939,0.028598459030035883,25440.0
Adagrad,800,0.22920963175220008,0.028776500024832785,25600.0
Adagrad,805,0.22836553624771733,0.028951708984095603,25760.0
Adagrad,810,0.22489412961509908,0.0291293750051409,25920.0
Adagrad,815,0.22622228725741889,0.02931504201842472,26080.0
Adagrad,820,0.25170287745709874,0.029492125031538308,26240.0
Adagrad,825,0.23522426214592446,0.029670000018086284,26400.0
Adagrad,830,0.23104300274884365,0.02984645898686722,26560.0
Adagrad,835,0.22613476864842713,0.030022041988559067,26720.0
Adagrad,840,0.2290416460746767,0.030199167027603835,26880.0
Adagrad,845,0.24923634098901307,0.030375959002412856,27040.0
Adagrad,850,0.2207781577366363,0.03055516700260341,27200.0
Adagrad,855,0.2290379536421528,0.03073462500469759,27360.0
Adagrad,860,0.23321898715236983,0.030913166992831975,27520.0
Adagrad,865,0.23421172624849979,0.031095792015548795,27680.0
Adagrad,870,0.23311156835559385,0.03128237498458475,27840.0
Adagrad,875,0.260211574002638,0.03146062500309199,28000.0
Adagrad,880,0.22905577997343712,0.03163966699503362,28160.0
Adagrad,885,0.2436646566911415,0.03181650000624359,28320.0
Adagrad,890,0.2282089024290729,0.03206062503159046,28480.0
Adagrad,895,0.23589430406812054,0.0322446670033969,28640.0
Adagrad,900,0.23308152981211983,0.03242083400255069,28800.0
Adagrad,905,0.23111627469482637,0.03259516699472442,28960.0
Adagrad,910,0.2268927517269665,0.03276700002606958,29120.0
Adagrad,915,0.23704890566431247,0.03293841698905453,29280.0
Adagrad,920,0.23281392461168146,0.03311070898780599,29440.0
Adagrad,925,0.22647661364560495,0.033282959018833935,29600.0
Adagrad,930,0.22610048418964013,0.03346120897913352,29760.0
Adagrad,935,0.23361422263511075,0.033633792016189545,29920.0
Adagrad,940,0.22672054813504272,0.033804459031671286,30080.0
Adagrad,945,0.22267858155839984,0.033975541999097914,30240.0
Adagrad,950,0.23480063139930885,0.03414645901648328,30400.0
Adagrad,955,0.23136022614342233,0.03431820898549631,30560.0
Adagrad,960,0.23605040800862165,0.03448924998519942,30720.0
Adagrad,965,0.22942339338249038,0.03466025000670925,30880.0
Adagrad,970,0.2303419327725211,0.03483274998143315,31040.0
Adagrad,975,0.22717012978028944,0.03500483400421217,31200.0
Adagrad,980,0.24197024516458146,0.035175500030163676,31360.0
Adagrad,985,0.22263779080525914,0.035357541986741126,31520.0
Adagrad,990,0.2258089868664905,0.03552841697819531,31680.0
Adagrad,995,0.2400765574078372,0.03569904202595353,31840.0
Adagrad,1000,0.22804613490913184,0.03587554203113541,32000.0
Adagrad,1005,0.22553257654222977,0.03606058401055634,32160.0
Adagrad,1010,0.22725324688810586,0.036231375008355826,32320.0
Adagrad,1015,0.22940031476110706,0.03640383400488645,32480.0
Adagrad,1020,0.22333820291167916,0.03657375002512708,32640.0
Adagrad,1025,0.22325806073963333,0.036745875026099384,32800.0
Adagrad,1030,0.23250989062723654,0.03691862500272691,32960.0
Adagrad,1035,0.22493212320841324,0.03709208400687203,33120.0
Adagrad,1040,0.22364732922331076,0.037262875004671514,33280.0
Adagrad,1045,0.22031022046035925,0.03743324999231845,33440.0
Adagrad,1050,0.2259334407827945,0.03760383400367573,33600.0
Adagrad,1055,0.24428044199446008,0.03777512500528246,33760.0
Adagrad,1060,0.22666108791667472,0.03794474998721853,33920.0
Adagrad,1065,0.2247736292391318,0.03811475000111386,34080.0
Adagrad,1070,0.22435156206527324,0.03828458400676027,34240.0
Adagrad,1075,0.22548201570991624,0.03845500003080815,34400.0
Adagrad,1080,0.24299323500844108,0.038625292014330626,34560.0
Adagrad,1085,0.22512210769718885,0.038797458983026445,34720.0
Adagrad,1090,0.2613654109020781,0.038967334025073797,34880.0
Adagrad,1095,0.2449332369234587,0.03913737501716241,35040.0
Adagrad,1100,0.23379539634275448,0.039307416998781264,35200.0
Adagrad,1105,0.23441178907410476,0.039477124984841794,35360.0
Adagrad,1110,0.22829527801717928,0.03964662499492988,35520.0
Adagrad,1115,0.23607301594855357,0.03981720900628716,35680.0
Adagrad,1120,0.23355672717247553,0.039988750009797513,35840.0
Adagrad,1125,0.23225944585622296,0.04017595900222659,36000.0
Adagrad,1130,0.22180030386750366,0.04036470898427069,36160.0
Adagrad,1135,0.22642727269323024,0.040546791977249086,36320.0
Adagrad,1140,0.2346263490826758,0.04071695898892358,36480.0
Adagrad,1145,0.22836931658850063,0.040888666990213096,36640.0
Adagrad,1150,0.22816960101080733,0.04105895903194323,36800.0
Adam,0,0.5000000000000001,2.9291026294231415e-05,0.0
Adam,5,0.46915969665473195,0.0002625000197440386,160.0
Adam,10,0.36118718034768504,0.00047262501902878284,320.0
Adam,15,0.45043206122522594,0.000682333018630743,480.0
Adam,20,0.3425419472851035,0.0008871660102158785,640.0
Adam,25,0.31142096023466115,0.0010936660110019147,800.0
Adam,30,0.2809952070015237,0.0012952910037711263,960.0
Adam,35,0.2852889630345845,0.0014955410151742399,1120.0
Adam,40,0.31310983743912324,0.0016977500054053962,1280.0
Adam,45,0.3122796760727484,0.0018994160345755517,1440.0
Adam,50,0.30177664254057396,0.0021003330475650728,1600.0
Adam,55,0.28466315077550425,0.002307749993633479,1760.0
Adam,60,0.2777481711899466,0.002519291010685265,1920.0
Adam,65,0.28495307851874224,0.0027199580217711627,2080.0
Adam,70,0.24163308023116595,0.0029206250328570604,2240.0
Adam,75,0.2836034604232554,0.003120916022453457,2400.0
Adam,80,0.27882826162377955,0.003322166041471064,2560.0
Adam,85,0.31977323844896804,0.003522625018376857,2720.0
Adam,90,0.2549439635700662,0.003723000001627952,2880.0
Adam,95,0.2727753291989836,0.003922666015569121,3040.0
Adam,100,0.26196260946278666,0.0041260000434704125,3200.0
Adam,105,0.3656125106011199,0.004326666006818414,3360.0
Adam,110,0.2837207000664512,0.004526500008068979,3520.0
Adam,115,0.2872704566912449,0.004727166029624641,3680.0
Adam,120,0.3303709497269311,0.004929250048007816,3840.0
Adam,125,0.29495669116504764,0.005130166013259441,4000.0
Adam,130,0.2715337935300121,0.005330583022441715,4160.0
Adam,135,0.27810717510732036,0.005530541006010026,4320.0
Adam,140,0.26566396374827866,0.0057323750224895775,4480.0
Adam,145,0.31800516236599946,0.005931958032306284,4640.0
Adam,150,0.30264983435979964,0.006132000009529293,4800.0
Adam,155,0.2527345110449593,0.006331291049718857,4960.0
Adam,160,0.31821786155079784,0.006532750034239143,5120.0
Adam,165,0.2450100066873746,0.006733083049766719,5280.0
Adam,170,0.25819395189542965,0.006932458025403321,5440.0
Adam,175,0.2535329713663641,0.007131916005164385,5600.0
Adam,180,0.2438340737001102,0.0073321660165674984,5760.0
Adam,185,0.2745051701870417,0.0075377910397946835,5920.0
Adam,190,0.27923735387118354,0.007738250016700476,6080.0
Adam,195,0.25212672996833646,0.007938666036352515,6240.0
Adam,200,0.32575829724383776,0.00813908304553479,6400.0
Adam,205,0.3026405946143959,0.008339291031006724,6560.0
Adam,210,0.28952799478644825,0.008540083013940603,6720.0
Adam,215,0.2896034103881192,0.008745500002987683,6880.0
Adam,220,0.28002562793530833,0.008946207992266864,7040.0
Adam,225,0.2731931773154425,0.009147083037532866,7200.0
Adam,230,0.2952838959560314,0.00934675004100427,7360.0
Adam,235,0.31059591698661115,0.009548125031869859,7520.0
Adam,240,0.24841701976318875,0.009749374992679805,7680.0
Adam,245,0.29121537044146684,0.00994970800820738,7840.0
Adam,250,0.27415428202218806,0.010150250047445297,8000.0
Adam,255,0.24331401125740398,0.010349832999054343,8160.0
Adam,260,0.32423849919740894,0.010559375048615038,8320.0
Adam,265,0.2534657875508721,0.010759875003714114,8480.0
Adam,270,0.25829727779821593,0.01096095802495256,8640.0
Adam,275,0.24015914267521052,0.01116004103096202,8800.0
Adam,280,0.2878702666848224,0.011360750009771436,8960.0
Adam,285,0.2777385413700025,0.011561874998733401,9120.0
Adam,290,0.282695728448116,0.011761416040826589,9280.0
Adam,295,0.2805733650052901,0.011962000047788024,9440.0
Adam,300,0.3247259515308328,0.012163666018750519,9600.0
Adam,305,0.30881846744835284,0.012371125048957765,9760.0
Adam,310,0.29353799348262855,0.012571708008181304,9920.0
Adam,315,0.2623981888108601,0.012782291043549776,10080.0
Adam,320,0.29344941405149905,0.012983750028070062,10240.0
Adam,325,0.27795642356305267,0.013185165997128934,10400.0
Adam,330,0.27141183397751345,0.013385750004090369,10560.0
Adam,335,0.26715419686669206,0.013585916021838784,10720.0
Adam,340,0.2620356530210817,0.013788415992166847,10880.0
Adam,345,0.3233914889980621,0.013988625025376678,11040.0
Adam,350,0.2885574473734589,0.014188125031068921,11200.0
Adam,355,0.2562036162330461,0.014389125048182905,11360.0
Adam,360,0.3423537485384249,0.014589875005185604,11520.0
Adam,365,0.2745843143676364,0.014789875014685094,11680.0
Adam,370,0.29289540100050737,0.014990833005867898,11840.0
Adam,375,0.27588854666935475,0.015189791040029377,12000.0
Adam,380,0.2647461884958781,0.015391833032481372,12160.0
Adam,385,0.2571430390962405,0.015594916010741144,12320.0
Adam,390,0.2627559501962751,0.015795666025951505,12480.0
Adam,395,0.2747072849307705,0.015995791007298976,12640.0
Adam,400,0.2878983639278987,0.016196415992453694,12800.0
Adam,405,0.2726122728987543,0.016398541047237813,12960.0
Adam,410,0.35791698815893624,0.016598750022239983,13120.0
Adam,415,0.32687606821725,0.016799625009298325,13280.0
Adam,420,0.2511538747324458,0.017005416040774435,13440.0
Adam,425,0.26926406761477073,0.017206332995556295,13600.0
Adam,430,0.3023843388743199,0.01740658300695941,13760.0
Adam,435,0.3045525831103464,0.017609500035177916,13920.0
Adam,440,0.3150720322673293,0.017810833000112325,14080.0
Adam,445,0.27007618887465334,0.018011583015322685,14240.0
Adam,450,0.26664043842074897,0.018243166035972536,14400.0
Adam,455,0.25802608477855893,0.01848054100992158,14560.0
Adam,460,0.27200635083236135,0.018692916026338935,14720.0
Adam,465,0.37779304766159055,0.018902833049651235,14880.0
Adam,470,0.28155488864902056,0.019112875044811517,15040.0
Adam,475,0.36833832075275325,0.019320291001349688,15200.0
Adam,480,0.4353017871030995,0.019527833035681397,15360.0
Adam,485,0.5442533930570443,0.019735458015929908,15520.0
Adam,490,0.36615126095381817,0.019942875020205975,15680.0
Adam,495,0.28246929322767766,0.020152500015683472,15840.0
Adam,500,0.3336110365448869,0.02035850001266226,16000.0
Adam,505,0.41615679783647896,0.02056808304041624,16160.0
Adam,510,0.34389695031645967,0.020857625000644475,16320.0
Adam,515,0.2920828284443715,0.02106683299643919,16480.0
Adam,520,0.2889304274997645,0.021272500045597553,16640.0
Adam,525,0.2734439276112923,0.021477791015058756,16800.0
Adam,530,0.2540293234563191,0.02167899999767542,16960.0
Adam,535,0.2785422268410786,0.02188479102915153,17120.0
Adam,540,0.25489798894616217,0.02208958304254338,17280.0
Adam,545,0.2701105247163729,0.022291375033091754,17440.0
Adam,550,0.24946008434485703,0.02249166602268815,17600.0
Adam,555,0.2833169023509366,0.022692041005939245,17760.0
Adam,560,0.2447549403922058,0.02289262501290068,17920.0
Adam,565,0.24425872217471037,0.02309249999234453,18080.0
Adam,570,0.2657145332261266,0.02329262503189966,18240.0
Adam,575,0.255577108524896,0.023492333013564348,18400.0
Adam,580,0.2912879584186635,0.023692040995229036,18560.0
Adam,585,0.24145555152834045,0.023892124998383224,18720.0
Adam,590,0.3351126135248711,0.024144041002728045,18880.0
Adam,595,0.23588736213536568,0.024402125040069222,19040.0
Adam,600,0.2722148657455121,0.02461175003554672,19200.0
Adam,605,0.2465101686907926,0.02481862501008436,19360.0
Adam,610,0.2484944686378562,0.025025708018802106,19520.0
Adam,615,0.24990340721956597,0.02523137500975281,19680.0
Adam,620,0.24569085105739286,0.025437458010856062,19840.0
Adam,625,0.26730906981460956,0.025642041000537574,20000.0
Adam,630,0.2546361983578562,0.025846583012025803,20160.0
Adam,635,0.2700459206220138,0.026051125023514032,20320.0
Adam,640,0.25855027895272203,0.0262598330155015,20480.0
Adam,645,0.2603589628392656,0.026464833004865795,20640.0
Adam,650,0.303770185897414,0.0266704999958165,20800.0
Adam,655,0.29522222614855154,0.02688499999931082,20960.0
Adam,660,0.2834427689608713,0.027090499992482364,21120.0
Adam,665,0.31386955698911506,0.027396833000238985,21280.0
Adam,670,0.2471778796832435,0.027611916011665016,21440.0
Adam,675,0.25864017525048255,0.027822000032756478,21600.0
Adam,680,0.2520521970047916,0.02804095804458484,21760.0
Adam,685,0.3639675613238758,0.02825216599740088,21920.0
Adam,690,0.40246601924839864,0.028465541021432728,22080.0
Adam,695,0.49768883859341706,0.02867183304624632,22240.0
Adam,700,0.26846390779811546,0.02888245804933831,22400.0
Adam,705,0.35278760737811454,0.029088540992233902,22560.0
Adam,710,0.29209370294655,0.029294833017047495,22720.0
Adam,715,0.2973962672902325,0.02950120804598555,22880.0
Adam,720,0.26137070976495025,0.029706666013225913,23040.0
Adam,725,0.26989805800151,0.029930207994766533,23200.0
Adam,730,0.26711372435250025,0.03014579100999981,23360.0
Adam,735,0.28281100400363474,0.030351166031323373,23520.0
Adam,740,0.25195856860857246,0.030560333048924804,23680.0
Adam,745,0.27770585728691594,0.030766625015530735,23840.0
Adam,750,0.27774343003805235,0.030972291016951203,24000.0
Adam,755,0.269328262876394,0.0311772910063155,24160.0
Adam,760,0.35209011270522395,0.031383875000756234,24320.0
Adam,765,0.28400119889571135,0.03158883302239701,24480.0
Adam,770,0.32475255460772245,0.03179400000954047,24640.0
Adam,775,0.2929708971722483,0.03200208302587271,24800.0
Adam,780,0.2697330098929149,0.03221045801183209,24960.0
Adam,785,0.24246903175763057,0.03241595800500363,25120.0
Adam,790,0.2884049207975164,0.032623291015625,25280.0
Adam,795,0.28209737129954093,0.03283125004963949,25440.0
Adam,800,0.2564995351081736,0.03303708304883912,25600.0
Adam,805,0.2627762120531327,0.033242625009734184,25760.0
Adam,810,0.272356495644675,0.03344770800322294,25920.0
Adam,815,0.2835075948653416,0.03365300002042204,26080.0
Adam,820,0.27539501424640284,0.033868041005916893,26240.0
Adam,825,0.3193216754154525,0.034074166032951325,26400.0
Adam,830,0.28319645789004094,0.034288541006390005,26560.0
Adam,835,0.26290293299155076,0.03450004104524851,26720.0
Adam,840,0.24855097940404577,0.03470625000772998,26880.0
Adam,845,0.2338624522365882,0.03492058301344514,27040.0
Adam,850,0.28556088117254497,0.03512587503064424,27200.0
Adam,855,0.26909507656745385,0.03533120802603662,27360.0
Adam,860,0.31153964483297,0.03553950000787154,27520.0
Adam,865,0.3802527128289214,0.03574620804283768,27680.0
Adam,870,0.3009666787416466,0.03595087502617389,27840.0
Adam,875,0.3730785097836917,0.03615466604242101,28000.0
Adam,880,0.2958563497616725,0.0363634999957867,28160.0
Adam,885,0.36340653440679943,0.03656812501139939,28320.0
Adam,890,0.3015467836284717,0.036775375017896295,28480.0
Adam,895,0.2776228580782145,0.036981333047151566,28640.0
Adam,900,0.2614575027637012,0.03718695801217109,28800.0
Adam,905,0.2400590285824954,0.03739141603000462,28960.0
Adam,910,0.24977532086963042,0.0375952500035055,29120.0
Adam,915,0.2656407297367548,0.03780012502102181,29280.0
Adam,920,0.24547581664958235,0.03801004099659622,29440.0
Adam,925,0.2733163930110254,0.03821349999634549,29600.0
Adam,930,0.2848401219265614,0.038425125007051975,29760.0
Adam,935,0.2850483074208142,0.03863062500022352,29920.0
Adam,940,0.25556850608217635,0.038835707993712276,30080.0
Adam,945,0.3015790409673324,0.03904166602296755,30240.0
Adam,950,0.311066773246296,0.03924887499306351,30400.0
Adam,955,0.4852375683381482,0.039455374993849546,30560.0
Adam,960,0.2821697722845397,0.03966108302120119,30720.0
Adam,965,0.29040688392689545,0.03986770799383521,30880.0
Adam,970,0.2820652511031176,0.04007291601737961,31040.0
Adam,975,0.26502869342974167,0.04027883301023394,31200.0
Adam,980,0.29570307456184053,0.04048408300150186,31360.0
Adam,985,0.3700828845770158,0.040688915993086994,31520.0
Adam,990,0.42035403848700353,0.04090370802441612,31680.0
Adam,995,0.490576142507804,0.041108583041932434,31840.0
Adam,1000,0.34539273205811616,0.04131716600386426,32000.0
Adam,1005,0.34096499891248483,0.04152337502455339,32160.0
Adam,1010,0.3021469610724393,0.04172958299750462,32320.0
Adam,1015,0.27709120302006573,0.0419396249926649,32480.0
Adam,1020,0.3856605907540296,0.042144958046264946,32640.0
Adam,1025,0.35866048157093067,0.04235133301699534,32800.0
Adam,1030,0.38039470916969664,0.04255720804212615,32960.0
Adam,1035,0.28586278527169545,0.04276358301285654,33120.0
Adam,1040,0.39067995618726653,0.042968958034180105,33280.0
Adam,1045,0.28342405923059183,0.043174958031158894,33440.0
Adam,1050,0.2805069643661608,0.043380958028137684,33600.0
Adam,1055,0.3646345608516432,0.04358654102543369,33760.0
Adam,1060,0.3917754070652202,0.043791708012577146,33920.0
Adam,1065,0.332456270118767,0.04399662499781698,34080.0
Adam,1070,0.3511247990117009,0.04420112504158169,34240.0
Adam,1075,0.5428718579898619,0.04441075003705919,34400.0
Adam,1080,0.4315013438336155,0.04461783304577693,34560.0
Adam,1085,0.3201897445249481,0.04482450004434213,34720.0
Adam,1090,0.3354152345120924,0.045032499998342246,34880.0
Adam,1095,0.2968300334797297,0.04529879102483392,35040.0
Adam,1100,0.27979170455544766,0.045586250023916364,35200.0
Adam,1105,0.27415037800713504,0.045797750004567206,35360.0
Adam,1110,0.2781090565409015,0.04601087502669543,35520.0
Adam,1115,0.28716504840851903,0.04622362501686439,35680.0
Adam,1120,0.2746845301535152,0.0464342079940252,35840.0
Adam,1125,0.26604451575751054,0.046648040995933115,36000.0
Adam,1130,0.3315681896161263,0.04685566603438929,36160.0
Adam,1135,0.3337698126783264,0.0470632910146378,36320.0
Adam,1140,0.3332954757074514,0.047272333002183586,36480.0
Adam,1145,0.3042650386369386,0.04748204100178555,36640.0
Adam,1150,0.2600585504520878,0.04768929100828245,36800.0
